No,EMAIL,TELEPON,KODE KLINIK,NAMA KLINIK,JENIS KLINIK,JENIS PELAYANAN,TANGGAL REGISTRASI,ALAMAT,CAMAT,KAB/KOTA,PROPINSI,PEMILIK,NAMA PEMILIK,PENYELENGGARA,PELAKU USAHA,KERJASAMA BPJS,BERJEJARING PUSKESMAS,PROGRAM PRIORITAS,NAMA PUSKESMAS,KODE BPJS,AKREDITASI
1,hutamamedika@gmail.com,081229819580_,33740300001,Klinik Pratama Hutama Medika,Pratama,Non Rawat Inap,12/8/2020,Jl. Puspanjolo Selatan no. 59A,SEMARANG BARAT,Kota Semarang,Jawa Tengah,Perusahaan/Badan hukum,CV UTAMA SEJAHTERA,Masyarakat/Swasta,Badan Usaha,Ya,Ya,,KARANG AYU,0173b068,Sudah
2,juronrh@gmail.com,8112753737,33740300002,Klinik Pratama Ken Waras,Pratama,Non Rawat Inap,12/9/2020,Jl. Jati Raya blok H no.12 B,BANYUMANIK,Kota Semarang,Jawa Tengah,Perorangan,CV KEN WARAS,Masyarakat/Swasta,Badan Usaha,Ya,Ya,,SRONDOL,0173B031,Belum
3,drpurtjahjanto@gmail.com,81225683524,33740300003,Klinik Pratama Parma,Pratama,Non Rawat Inap,12/10/2020,Jl. Brigjen Sudiarto No. 384,PEDURUNGAN,Kota Semarang,Jawa Tengah,Perusahaan/Badan hukum,CV Puri Parma,Masyarakat/Swasta,Badan Usaha,Ya,Ya,,TELOGOSARI WETAN,0173B025,Sudah
4,medikarahmat@gmail.com,85741524223,33740300004,Klinik Pratama Rahmat Medika,Pratama,Non Rawat Inap,12/10/2020,JL. KEDUNGMUNDU NO. 24-A SEMARANG,TEMBALANG,Kota Semarang,Jawa Tengah,Perusahaan/Badan hukum,CV. RAHMAT MEDIKA,Masyarakat/Swasta,Badan Usaha,Ya,Ya,"TB,Hipertensi,Diabetes Melitus,Lainnya",KEDUNG MUNDU,0173B056,Sudah
5,klinikjm@yahoo.com,8122806894,33740300005,Klinik Pratama Jaya Medika,Pratama,Non Rawat Inap,12/10/2020,"Jl. SRIWIJAYA NO. 57, SEMARANG",CANDISARI,Kota Semarang,Jawa Tengah,Perorangan,dr. Suparni Anik Indrayati,Masyarakat/Swasta,Badan Usaha,Ya,Ya,,KAGOK,0173B034,Sudah
6,klinikmardimulya@gmail.com,087832630688_,33740300006,Klinik Mardi Mulya I,Pratama,Non Rawat Inap,12/10/2020,JL. MAJAPAHIT NO 251.A,PEDURUNGAN,Kota Semarang,Jawa Tengah,Perusahaan/Badan hukum,PT ADYATMA NUGRAHA LESTARI,Masyarakat/Swasta,Badan Hukum,Tidak,Tidak,,TELOGOSARI KULON,,Belum
7,diponegoro648@gmail.com,081325871989_,33740300007,Klinik Pratama Diponegoro I,Pratama,Non Rawat Inap,12/10/2020,JL. PROF SOEDHARTO SH TEMBALANG SEMARANG 50275,TEMBALANG,Kota Semarang,Jawa Tengah,Masyarakat/Swasta,PT UNDIP MAJU,Masyarakat/Swasta,Badan Hukum,Ya,Ya,,ROWOSARI,0173B072,Belum
8,purihusada01@gmail.com,085256560956_,33740300008,Klinik Pratama Puri Husada,Pratama,Non Rawat Inap,12/10/2020,Jl. Sirajudin No. 29 Tembalang Semarang,TEMBALANG,Kota Semarang,Jawa Tengah,Perorangan,CV PURI HUSADA (R. A. Doxy Suryatmirah),Masyarakat/Swasta,Badan Usaha,Ya,Tidak,,ROWOSARI,0173B071,Belum
9,kliniknayakahusada01@gmail.com,6.28214E+12,33740300009,Klinik Nayaka Husada 01,Pratama,Non Rawat Inap,12/10/2020,RUKO SILIWANGI PLAZA BLOK D2,SEMARANG BARAT,Kota Semarang,Jawa Tengah,Perusahaan/Badan hukum,PT NAYAKA ERA HUSADA,Masyarakat/Swasta,Badan Hukum,Ya,Ya,,KARANG AYU,0173U222,Sudah
10,koesoema93@yahoo.com,8.82006E+11,33740300010,RAHMATIKA,Pratama,Non Rawat Inap,12/10/2020,"Kp. Pengkol RT 5 RW 1 Mangunsari, Gunungpati, Semarang",GUNUNGPATI,Kota Semarang,Jawa Tengah,Perusahaan/Badan hukum,CV RAHMATIKA HASANAH,Masyarakat/Swasta,Badan Usaha,Ya,Ya,,GUNUNGPATI,0173b064,Belum
11,kliniknayakahusada03@gmail.com,6.28214E+12,33740300011,Klinik Nayaka Husada 03,Pratama,Non Rawat Inap,12/10/2020,JL. MR. SUTAN SYAHRIR RT.001/RW.003,GENUK,Kota Semarang,Jawa Tengah,Perusahaan/Badan hukum,PT. NAYAKA ERA HUSADA,Kementerian/Lembaga,Badan Usaha,Ya,Ya,"Hipertensi,Diabetes Melitus",GENUK,173U202,Belum
12,rafael.clinic@yahoo.co.id,8179536497,33740300012,Klinik Rafael,Pratama,Non Rawat Inap,12/10/2020,Jl. Plampitan No. 33,SEMARANG TENGAH,Kota Semarang,Jawa Tengah,Perusahaan/Badan hukum,"dr. Agnes Christiani., M. K. M",Kementerian/Lembaga,Perorangan,Ya,Ya,"Hipertensi,Diabetes Melitus",PONCOL,0173B016,Belum
13,kliniksanamedika@gmail.com,085102341353_,33740300013,Klinik Pratama Sana Medika,Pratama,Non Rawat Inap,12/10/2020,"Jl.Kedungjati No.26 Randusari, Semarang Selatan, Kota Semarang",SEMARANG SELATAN,Kota Semarang,Jawa Tengah,Perusahaan/Badan hukum,PT. BHAKTI MEDIKA SEJAHTERA,Kementerian/Lembaga,Badan Usaha,Ya,Ya,"Hipertensi,Diabetes Melitus",PANDANARAN,1101u154,Belum
14,kembangarum_medica@yahoo.com,85229027177,33740300014,Klinik Kembangarum Medica,Pratama,Non Rawat Inap,12/10/2020,JL. UNTUNG SUROPATI NO. 5 A SEMARANG,NGALIYAN,Kota Semarang,Jawa Tengah,Perusahaan/Badan hukum,MERRY HERLINA SARAGIH,Masyarakat/Swasta,Perorangan,Ya,Ya,"Hipertensi,Diabetes Melitus",PURWOYOSO,0173b044,Belum
15,klinik@unika.ac.id,248441555,33740300015,Klinik Pratama Ibu Teresa,Pratama,Non Rawat Inap,12/10/2020,Jl. Pawiyatan Luhur IV / 1 Bendan Duwur Semarang 50234,GAJAHMUNGKUR,Kota Semarang,Jawa Tengah,Perusahaan/Badan hukum,PT KLINIK VITA SUPRAMEDIKA,Masyarakat/Swasta,Badan Hukum,Tidak,Ya,,PEGANDAN,0173B085,Sudah
16,bp_kusumamedika@yahoo.com,085642077849_,33740300016,Klinik Pratama Kusuma Medika,Pratama,Non Rawat Inap,12/14/2020,JALAN MANGGA NO.1 RT005/002 SRONDOL WETAN BANYUMANIK SEMARANG,BANYUMANIK,Kota Semarang,Jawa Tengah,Perusahaan/Badan hukum,YAYASAN DINI KUSUMA (DRA. KUSUMASTUTI),Masyarakat/Swasta,Badan Usaha,Ya,Ya,,SRONDOL,0173U435,Belum
17,binasehat.kliniku27@gmail.com,024 3545000,33740300017,KLINIK PRATAMA BINA SEHAT,Pratama,Non Rawat Inap,12/14/2020,JL. KALIMAS RAYA NO. 29 SEMARANG,SEMARANG UTARA,Kota Semarang,Jawa Tengah,Perusahaan/Badan hukum,PT BINA SEHAT MEDICAL CENTER,Masyarakat/Swasta,Badan Hukum,Ya,Ya,,BULU LOR,0173B055,Belum
18,grahasyifapatemon@gmail.com,8156681600,33740300018,Klinik Pratama Rawat Inap Graha Syifa,Pratama,Rawat Inap,12/17/2020,"Jl. Talang Bengkok No. 3 RT 05 RW 03 Patemon Gunungpati, Semarang",GUNUNGPATI,Kota Semarang,Jawa Tengah,Masyarakat/Swasta,"CV MEKAR SALAM (dr. FATHUR NUR KHOLIS, Sp.PD)",Masyarakat/Swasta,Badan Usaha,Ya,Ya,,SEKARAN,0173b045,Sudah
19,cahayabundasmg@gmail.com,82137045968,33740300019,Klinik Pratama Cahaya Bunda,Pratama,Non Rawat Inap,12/29/2020,"Jl. RM. Hadi Soebeno 1/1 Wates, Ngaliyan, Kota Semarang",NGALIYAN,Kota Semarang,Jawa Tengah,Perusahaan/Badan hukum,CV CAHAYA SEHAT,Masyarakat/Swasta,Badan Usaha,Tidak,Ya,,NGALIYAN,,Belum
20,mediska.semarang@gmail.com,08122989513__,33740300020,Klinik Mediska Semarang,Pratama,Non Rawat Inap,12/31/2020,JALAN IMAM BONJOL NO. 103 KELURAHAN PURWOSARI,SEMARANG UTARA,Kota Semarang,Jawa Tengah,Kementerian/Lembaga,PT KERETA API INDONESIA (Persero),Kementerian/Lembaga,Badan Hukum Publik,Ya,Ya,"TB,Hipertensi,Diabetes Melitus",BULU LOR,,Belum
21,smugiarti@gmail.com,0818452762___,33740300021,Klinik Mugisehat,Pratama,Non Rawat Inap,1/1/2021,Jl. Jatingaleh III no.37 Rt.02 RW.04 Candisari Semarang,CANDISARI,Kota Semarang,Jawa Tengah,Perusahaan/Badan hukum,CV. Fadhiil Chaniago,Masyarakat/Swasta,Badan Usaha,Ya,Ya,,CANDILAMA,0173B079,Belum
22,klinikekasakti@gmail.com,081229093145_,33740300022,Klinik Eka Sakti,Pratama,Non Rawat Inap,1/2/2021,Jalan Merak No. 3 Tanjungmas,SEMARANG UTARA,Kota Semarang,Jawa Tengah,Perusahaan/Badan hukum,CV KRISHNA SAKTI (Arwani Budi Prasetyo),Masyarakat/Swasta,Badan Usaha,Ya,Ya,"TB,Hipertensi,Diabetes Melitus",BANDARHARJO,0173U431,Belum
23,klinikpamularsih@gmail.com,8122849228,33740300023,Klinik Pamularsih,Pratama,Non Rawat Inap,1/2/2021,"Jalan Simongan Raya No. 173 D, Ngemplak Simongan, Semarang Barat",SEMARANG BARAT,Kota Semarang,Jawa Tengah,Perusahaan/Badan hukum,CV Prasyudha Utama,Masyarakat/Swasta,Badan Usaha,Ya,Ya,,NGEMPLAK SIMONGAN,0173U437,Belum
24,umrizal0025@yahoo.co.id,81314626732,33740300024,Klinik Pratama Dwi Puspita Pedurungan,Pratama,Non Rawat Inap,1/6/2021,"Jl. Zebra Tengah No. 58 Rt. 06 Rw. 05 Pedurungan Kidul, Pedurungan Semarang 50192",PEDURUNGAN,Kota Semarang,Jawa Tengah,Masyarakat/Swasta,CV. DWI PUSPITA MEDIKA,Masyarakat/Swasta,Badan Usaha,Ya,Ya,"TB,Hipertensi,Diabetes Melitus",TELOGOSARI WETAN,0173U430,Belum
25,surmedplamongan@gmail.com,81326313137,33740300025,Klinik Pratama Surya Medika Plamongan,Pratama,Non Rawat Inap,1/7/2021,JL. BRIGJEND SUDIARTO NO. 23A SEMARANG,PEDURUNGAN,Kota Semarang,Jawa Tengah,Perusahaan/Badan hukum,CV SURYA MEDIKA ( DR. YUDHANTA SURYADILAGA ),Masyarakat/Swasta,Badan Usaha,Ya,Ya,"TB,Hipertensi,Diabetes Melitus",TELOGOSARI WETAN,0173u438,Belum
26,4klinikmardimulya@gmail.com,85329551689,33740300026,KLINIK 24 JAM MARDI MULYA IV,Pratama,Non Rawat Inap,1/7/2021,Jl. Kedungmundu No 11-11A Semarang,CANDISARI,Kota Semarang,Jawa Tengah,Masyarakat/Swasta,PT ADYATMA NUGRAHA LESTARI,Masyarakat/Swasta,Badan Usaha,Ya,Ya,,CANDILAMA,0173B001,Belum
27,mitrahusada12@gmail.com,85643648242,33740300027,Klinik Pratama Mitra Husada,Pratama,Non Rawat Inap,1/12/2021,"Jl. Sendangguwo Raya no. 12, Kel. Gemah Kec. Pedurungan, Kota Semarang",PEDURUNGAN,Kota Semarang,Jawa Tengah,Perusahaan/Badan hukum,CV. Mega Tunggal (Rudy Wijaya),Masyarakat/Swasta,Badan Usaha,Tidak,Ya,"TB,Hipertensi,Diabetes Melitus",TELOGOSARI KULON,,Belum
28,hanasetia21@gmail.com,246733137,33740300028,Klinik Pratama Mandiri Lestari,Pratama,Non Rawat Inap,1/12/2021,"Jl. Supriyadi Ruko no. 21 i, Kel. Kalicari, Kec. Pedurungan, Kota Semarang",PEDURUNGAN,Kota Semarang,Jawa Tengah,Perusahaan/Badan hukum,CV. Mega Tunggal (Rudy Wijaya),Masyarakat/Swasta,Badan Usaha,Tidak,Ya,"TB,Hipertensi,Diabetes Melitus",TELOGOSARI KULON,,Belum
29,kliniksoegijopranoto@gmail.com,247606710,33740300029,Klinik Pratama Soegijopranoto Bongsari,Pratama,Non Rawat Inap,1/12/2021,Jl. Puspowarno Raya RT.03/RW.09 Bojong Salaman Semarang Barat,SEMARANG BARAT,Kota Semarang,Jawa Tengah,Yayasan,Yayasan Sosial Eduard Michelis,Kementerian/Lembaga,Badan Hukum,Ya,Ya,TB,KARANG AYU,0173B015,Belum
30,dwipuspita.medika@yahoo.com,81314626732,33740300030,Klinik Pratama Dwi Puspita II,Pratama,Non Rawat Inap,1/12/2021,"Jl. Wolter Monginsidi No. 99A, Banjardowo",GENUK,Kota Semarang,Jawa Tengah,Masyarakat/Swasta,"CV DWI PUSPITA MEDIKA (YADI FAKHRUZEIN T.J., S.E.,",Masyarakat/Swasta,Badan Usaha,Ya,Ya,,GENUK,0173B022,Belum
31,klinikdwipuspita1@gmail.com,81314626732,33740300031,Klinik Pratama Dwi Puspita I,Pratama,Non Rawat Inap,1/12/2021,"Jl. MR SUTAN SYAHRIR NO. 258 RT 001 RW 011, KEMIJEN, SEMARANG TIMUR",SEMARANG TIMUR,Kota Semarang,Jawa Tengah,Masyarakat/Swasta,CV DWI PUSPITA MEDIKA,Masyarakat/Swasta,Badan Usaha,Ya,Ya,,KARANG DORO,0173B069,Belum
32,klinikbms998@gmail.com,08156618056__,33740300032,Klinik Pratama Bhakti Medika Sejahtera,Pratama,Non Rawat Inap,1/12/2021,JL BRIGJEND SUDIARTO NO 124,GAYAMSARI,Kota Semarang,Jawa Tengah,Perusahaan/Badan hukum,PT BHAKTI MEDIKA SEJAHTERA,Masyarakat/Swasta,Badan Hukum,Ya,Ya,,GAYAM SARI,0173U064,Sudah
33,klinikmargohusodo1@gmail.com,81327486935,33740300033,Klinik Pratama Margo Husodo,Pratama,Non Rawat Inap,1/12/2021,"Jl. Borobudur Utara IV Kav. 1201 RT 02 RW 04, Manyaran, Semarang Barat, Kota Semarang",SEMARANG BARAT,Kota Semarang,Jawa Tengah,Perusahaan/Badan hukum,CV Catur Karya (Santo Thomas Catur Pambudi),Masyarakat/Swasta,Badan Usaha,Ya,Ya,"Hipertensi,Diabetes Melitus",MANYARAN,0173B084,Belum
34,setiahusada1@gmail.com,081329926472_,33740300034,Setia Husada I,Pratama,Non Rawat Inap,1/12/2021,Jl. Taman Srinindito V/4 Rt 3 Rw 4,SEMARANG BARAT,Kota Semarang,Jawa Tengah,Yayasan,Yayasan Setia Husada Semarang ( dr. Hendras Setiaw,Masyarakat/Swasta,Badan Hukum,Ya,Ya,"Hipertensi,Diabetes Melitus",NGEMPLAK SIMONGAN,0173U439,Belum
35,husadasetia@gmail.com,081329926472_/,33740300035,Klinik Setia Husada,Pratama,Non Rawat Inap,1/12/2021,Jl. Trimulyo Rt 01 Rw 02 Kel. Trimulyo Kec. Genuk Semarang,GENUK,Kota Semarang,Jawa Tengah,Yayasan,dr. Hendras Setiawan ( Yayasan Setia Husada Semara,Masyarakat/Swasta,Badan Hukum,Ya,Ya,,GENUK,0173U440,Belum
36,muliahusada1@gmail.com,85876272568,33740300036,Klinik Mulia Husada 1,Pratama,Non Rawat Inap,1/13/2021,"JL. NOGOSOSRO NO.22-24, KELURAHAN TLOGOSARI KULON, KECAMATAN PEDURUNGAN, KOTA SEMARANG, JAWA TENGAH",PEDURUNGAN,Kota Semarang,Jawa Tengah,Perusahaan/Badan hukum,PT GATRA SARANA HUSADA,Masyarakat/Swasta,Badan Hukum,Ya,Ya,,TELOGOSARI KULON,0173U427,Belum
37,kliniktentremsemarang@gmail.com,8122965906,33740300037,Klinik Tentrem,Pratama,Non Rawat Inap,1/13/2021,Jl. Tegalsari No. 100 RT 10 RW 03 Kelurahan Wonotingal Kecamatan Candisari Kota Semarang,CANDISARI,Kota Semarang,Jawa Tengah,Perorangan,CV. MITRA SEHAT,Masyarakat/Swasta,Badan Usaha,Ya,Ya,,KAGOK,0173B090,Sudah
38,santosodamajanti@gmail.com,816650427,33740300038,Klinik Damayanti,Pratama,Non Rawat Inap,1/13/2021,Jalan D.I Panjaitan No.47 Semarang,SEMARANG TENGAH,Kota Semarang,Jawa Tengah,Perusahaan/Badan hukum,CV BUDI ASIH,Masyarakat/Swasta,Badan Usaha,Ya,Ya,,MIROTO,0173B075,Sudah
39,klinikutamact@gmail.com,024 3556853 ext,33740300039,CT-Klinik,Utama,Non Rawat Inap,1/13/2021,"JL. INDRAPRASTA NO.81 A KEL. PENDRIKAN LOR, KEC. SEMARANG TENGAH, KOTA SEMARANG",SEMARANG TENGAH,Kota Semarang,Jawa Tengah,Perusahaan/Badan hukum,"Dr. DYAH ANGGRAENI, M.Kes.,Sp.PK",Masyarakat/Swasta,Badan Hukum,Tidak,Ya,,PONCOL,,Belum
40,kpratamagombel32@gmail.com,8122909646,33740300040,Klinik Pratama Gombel,Pratama,Non Rawat Inap,1/13/2021,JL. TAMAN TEUKU UMAR NO 32 RT 02 RW 04 SEMARANG,BANYUMANIK,Kota Semarang,Jawa Tengah,Masyarakat/Swasta,CV. ARHALIM RAHARDJA,Masyarakat/Swasta,Badan Usaha,Ya,Ya,"TB,Hipertensi,Diabetes Melitus",NGESREP,0173b091,Belum
41,klinikrubymedika@gmail.com,08122830849__,33740300041,Klinik Ruby Medika,Pratama,Non Rawat Inap,1/13/2021,"Jl. Potrosari Lap. No. 1, Srondol Kulon Banyumanik Semarang",BANYUMANIK,Kota Semarang,Jawa Tengah,Perusahaan/Badan hukum,CV ERBEHA SEHAT SEJAHTERA,Masyarakat/Swasta,Badan Usaha,Ya,Ya,"TB,Hipertensi,Diabetes Melitus",SRONDOL,0173B053,Belum
42,kliniksatmoko01@gmail.com,8112999653,33740300042,Klinik Satmoko,Pratama,Non Rawat Inap,1/13/2021,"Jl. Kelud Raya No.4, Petompon",GAJAHMUNGKUR,Kota Semarang,Jawa Tengah,Perusahaan/Badan hukum,PT BHAKTI PUTRA SATMOKO,Masyarakat/Swasta,Badan Hukum,Ya,Ya,,PEGANDAN,0173B010,Sudah
43,klinik.linamedika@gmail.com,81901906245,33740300043,Klinik Pratama Lina Medika,Pratama,Non Rawat Inap,1/13/2021,Jl. Jend Urip Sumoharjo Km.13 No.30 Wonosari,NGALIYAN,Kota Semarang,Jawa Tengah,Perusahaan/Badan hukum,PT. Alrin Utama Perkasa,Masyarakat/Swasta,Badan Hukum,Ya,Ya,"TB,Hipertensi,Diabetes Melitus",TAMBAK AJI,0173B040,Belum
44,officepurisaras@gmail.com,85643826471,33740300044,Klinik Pratama Puri Saras,Pratama,Non Rawat Inap,1/13/2021,Jl. Sompok 48,SEMARANG SELATAN,Kota Semarang,Jawa Tengah,Masyarakat/Swasta,PT Pratama Puri Saras,Masyarakat/Swasta,Badan Hukum,Ya,Ya,"TB,Hipertensi,Diabetes Melitus,Lainnya",LAMPER TENGAH,0173B081,Belum
45,kliniksrikandi15@gmail.com,0811271981___,33740300045,Klinik Pratama Srikandi,Pratama,Non Rawat Inap,1/13/2021,Jl. Hanoman Dalam No. 03 Krapyak,SEMARANG BARAT,Kota Semarang,Jawa Tengah,Masyarakat/Swasta,dr. Tuty Suryani (PT Tunas Srikandi Nusantara),Masyarakat/Swasta,Badan Hukum,Ya,Ya,,MANYARAN,0173B052,Sudah
46,harapansejahtera0@gmail.com,082324641865_,33740300046,Klinik Harapan Sejahtera,Pratama,Non Rawat Inap,1/13/2021,JALAN ARUMANIS TIMUR NO 7. TAMBAKAJI NGALIYAN SEMARANG,NGALIYAN,Kota Semarang,Jawa Tengah,Perusahaan/Badan hukum,"CV SYIFA HUSADA (ZARKASYI, SE)",Kementerian/Lembaga,Badan Usaha,Ya,Ya,,TAMBAK AJI,0173u434,Sudah
47,klinik_selaras@yahoo.com,8562981156,33740300047,Klinik Pratama Selaras,Pratama,Non Rawat Inap,1/13/2021,JL. SOMPOK BARU 94 SEMARANG,SEMARANG SELATAN,Kota Semarang,Jawa Tengah,Masyarakat/Swasta,CV SELARAS,Masyarakat/Swasta,Badan Usaha,Ya,Ya,TB,LAMPER TENGAH,0173U445,Belum
48,klinikmhc2018@gmail.com,82332392910,33740300048,Klinik Mitra Hidup Ceria,Pratama,Non Rawat Inap,1/13/2021,JALAN GEMAH BARAT NO.70 SEMARANG,PEDURUNGAN,Kota Semarang,Jawa Tengah,Perusahaan/Badan hukum,Edwin Nugroho,Masyarakat/Swasta,Badan Usaha,Ya,Ya,,TELOGOSARI KULON,0173b066,Sudah
49,derlathamrin@gmail.com,8156530390,33740300049,Klinik Pratama Derla,Pratama,Non Rawat Inap,1/13/2021,"Jl MH.Thamrin 74, Kembang Sari, Semarang Tengah, Kota Semarang, Jawa Tengah, 50133",SEMARANG TENGAH,Kota Semarang,Jawa Tengah,Perusahaan/Badan hukum,CV. Derla,Masyarakat/Swasta,Badan Usaha,Ya,Ya,,PONCOL,0173B059,Sudah
50,desiprasetyo27@gmail.com,85727567311,33740300050,Klinik Harapan Raharja,Pratama,Non Rawat Inap,1/13/2021,"Jalan Gedung Batu Utara I/30 RT 02 RW 06, Kelurahan Ngemplak Simongan, Kecamatan Semarang Barat, Kota Semarang, Jawa Tengah",SEMARANG BARAT,Kota Semarang,Jawa Tengah,Masyarakat/Swasta,PT Gatra Sarana Husada,Masyarakat/Swasta,Badan Usaha,Ya,Ya,TB,NGEMPLAK SIMONGAN,0173U433,Belum
51,brimedika.smg@gmail.com,024-6734632,33740300051,Klinik Brimedika,Pratama,Non Rawat Inap,1/13/2021,"Jl. Kedungmundu Raya No. 126, Semarang",TEMBALANG,Kota Semarang,Jawa Tengah,Masyarakat/Swasta,PT UPAYA PURNABHAKTI SEJAHTERA (Tri Raharjo),Masyarakat/Swasta,Badan Hukum,Ya,Ya,"TB,Hipertensi,Diabetes Melitus",KEDUNG MUNDU,0173B027,Belum
52,sumbermaju2015@gmail.com,087832192276_,33740300052,Saka Sasmitra,Pratama,Non Rawat Inap,1/13/2021,RUKO SAKA SQUARE A12 JL. MAJAPAHIT 71-73 PANDEAN LAMPER,GAYAMSARI,Kota Semarang,Jawa Tengah,Perusahaan/Badan hukum,CV Sumber Maju (dr. NUR RAHMAN),Masyarakat/Swasta,Badan Usaha,Ya,Ya,,GAYAM SARI,0173B043,Sudah
53,larassyifaklinik@gmail.com,08122630948__,33740300053,Klinik Pratama Larassyifa,Pratama,Non Rawat Inap,1/13/2021,"Jl. Taman Belimbing I Blok B7 No 9-10, RT 03/ RW XII, Jatisari, Mijen, Kota Semarang",MIJEN,Kota Semarang,Jawa Tengah,Perusahaan/Badan hukum,CV. BALARADZA KARYA PERKASA,Masyarakat/Swasta,Badan Usaha,Ya,Ya,,MIJEN,0173B078,Belum
54,klinikpadepokanganesa@gmail.com,82242983598,33740300054,Klinik Pratama Padepokan Ganesa,Pratama,Non Rawat Inap,1/13/2021,"Padepokan Ganesa Raya II Blok A No. 9-10, Pandeanlamper",GAYAMSARI,Kota Semarang,Jawa Tengah,Masyarakat/Swasta,CV BAKTIR FAM,Masyarakat/Swasta,Badan Usaha,Ya,Tidak,,GAYAM SARI,1735874,Belum
55,klinikpratama15@gmail.com,82173305684,33740300055,Klinik Pratama PKU Muhammadiyah,Pratama,Non Rawat Inap,1/13/2021,"Jl. Raya Lemah Mendak RT 01 RW 06, Mijen",MIJEN,Kota Semarang,Jawa Tengah,Masyarakat/Swasta,CV HERI KLINIK PRATAMA,Masyarakat/Swasta,Badan Usaha,Ya,Ya,,MIJEN,0173B046,Sudah
56,klinikameliamedika@gmail.com,089666935708_,33740300056,Klinik Pratama Amelia Medika,Pratama,Non Rawat Inap,1/13/2021,jl. emerald utama blok a 1,TEMBALANG,Kota Semarang,Jawa Tengah,Perusahaan/Badan hukum,CV AMELIA SURYA SEJAHTERA,Masyarakat/Swasta,Badan Usaha,Ya,Ya,,ROWOSARI,0173B060,Belum
57,indiyahdr@gmail.com,81212990039,33740300057,Klinik Pratama Citra Medika,Pratama,Non Rawat Inap,1/13/2021,JL RATU RATIH II NO 28 TLOGOSARI SEMARANG,PEDURUNGAN,Kota Semarang,Jawa Tengah,Perusahaan/Badan hukum,CV CITRA MANDIRI,Masyarakat/Swasta,Badan Usaha,Ya,Ya,"TB,Hipertensi,Diabetes Melitus",TELOGOSARI KULON,0173b032,Belum
58,ptpratamamedikasehat1@gmail.com,2476740281,33740300058,Klinik Pratama Pratama Medika,Pratama,Non Rawat Inap,1/13/2021,"Jl.Sambiroto Raya No 53 Desa/kelurahan Sambiroto, Kecamatan Tembalang Kota Semarang, Provinsi Jawa Tengah",PEDURUNGAN,Kota Semarang,Jawa Tengah,Masyarakat/Swasta,PT PRATAMA MEDIKA SEHAT,Masyarakat/Swasta,Badan Hukum,Ya,Ya,,KEDUNG MUNDU,0173b054,Sudah
59,dokkesrestabessemarang@gmail.com,081325750275_,33740300059,Klinik Pratama Polrestabes Semarang,Pratama,Non Rawat Inap,1/13/2021,JL. KALIGARANG NO. 1 RT 004 RW 007,SEMARANG SELATAN,Kota Semarang,Jawa Tengah,POLRI,KAPOLRESTABES SEAMARANG,POLRI,Badan Hukum Publik,Ya,Ya,,PANDANARAN,1730005,Sudah
60,surmedngaliyan@gmail.com,024-7617828,33740300060,Klinik Surya Medika Ngaliyan,Pratama,Non Rawat Inap,1/13/2021,JL. PROF. DR. HAMKA NO 11B PURWOYOSO NGALIYAN SEMARANG,NGALIYAN,Kota Semarang,Jawa Tengah,Perusahaan/Badan hukum,dr. Yudhanta Suryadilaga,Masyarakat/Swasta,Badan Usaha,Ya,Ya,,PURWOYOSO,0173U442,Belum
61,klinik.dyahmedika1@gmail.com,(024) 6584341/0,33740300061,Klinik Pratama Dyah Medika 1,Pratama,Non Rawat Inap,1/14/2021,Jl. Woltermonginsidi No 100 Genuksari Genuk Semarang,GENUK,Kota Semarang,Jawa Tengah,Perusahaan/Badan hukum,PT. SOUTH GUAVA CLINIC,Masyarakat/Swasta,Badan Usaha,Ya,Ya,"Hipertensi,Diabetes Melitus",GENUK,0173B023,Belum
62,evianasutanto@yahoo.com,8122929435,33740300062,Klinik Prima Medika,Pratama,Non Rawat Inap,1/14/2021,JL. PEKUNDEN TIMUR IV NO. 18,SEMARANG TENGAH,Kota Semarang,Jawa Tengah,Perusahaan/Badan hukum,CV. SEJAHTERA PRIMA MEDIKA,Masyarakat/Swasta,Badan Usaha,Ya,Ya,,MIROTO,0173B038,Sudah
63,klinikannisa123@gmail.com,81391388963,33740300063,Klinik Annisa,Pratama,Non Rawat Inap,1/15/2021,"Jl. Beringin Rejo A1 No. 1, Perum Beringin Indah, Ngaliyan, Semarang",NGALIYAN,Kota Semarang,Jawa Tengah,Perorangan,CV KLINIK PRATAMA ANNISA,Masyarakat/Swasta,Badan Usaha,Ya,Ya,,NGALIYAN,0173b063,Belum
64,klinikbkd@gmail.com,08122903487__,33740300064,Klinik Pratama BKD Provinsi Jawa Tengah,Pratama,Non Rawat Inap,1/15/2021,"Jalan Stadion Selatan No. 1, Kel. Karangkidul, Kec. Semarang Tengah, Kota Semarang, Jawa Tengah",SEMARANG TENGAH,Kota Semarang,Jawa Tengah,Pemerintah,BKD Provinsi Jawa Tengah,Pemerintah Daerah,Badan Hukum Publik,Ya,Ya,,MIROTO,1101U176,Belum
65,kmutiarabunda01@gmail.com,081332527527_,33740300065,Klinik Pratama Mutiara Bunda,Pratama,Non Rawat Inap,1/15/2021,Jl. Prof. Hamka No. 100A Kel. Tambakaji,NGALIYAN,Kota Semarang,Jawa Tengah,Masyarakat/Swasta,CV MUTIARA BUNDA,Masyarakat/Swasta,Badan Usaha,Ya,Ya,,TAMBAK AJI,0173U436,Belum
66,estetikahrd@gmail.com,82136143596,33740300066,Klinik Spes. Kulit Estetika dr. Affandi Semarang,Utama,Non Rawat Inap,1/15/2021,jl. Kyai Saleh no. 9 Semarang,SEMARANG SELATAN,Kota Semarang,Jawa Tengah,Perusahaan/Badan hukum,PT. ESTETIKA MULIA ABADI,Masyarakat/Swasta,Perorangan,Tidak,Ya,,PANDANARAN,,Sudah
67,klinikpratamastelisabeth@yahoo.com,8112929212,33740300067,Klinik Pratama St. Elisabeth,Pratama,Non Rawat Inap,1/15/2021,"Jl. Cemara Raya no. 12, RT/RW 001/003, kelurahan Padangsari, kecamatan Banyumanik.",BANYUMANIK,Kota Semarang,Jawa Tengah,Yayasan,Yayasan Fransiskus Assisi,Masyarakat/Swasta,Badan Hukum,Ya,Ya,,PADANGSARI,0173b083,Belum
68,klinikpratama.pmikotasmg@gmail.com,89682316298,33740300068,Klinik Pratama Pmi Kota Semarang,Pratama,Non Rawat Inap,1/15/2021,Jl Mgr Sugiyopranoto no 35,SEMARANG TENGAH,Kota Semarang,Jawa Tengah,Perusahaan/Badan hukum,"Dr. dr. H. Shofa Chasani, Sp. Fa. Sp. Pd. KGH. Fin",Kementerian/Lembaga,Badan Hukum,Tidak,Ya,"Hipertensi,Diabetes Melitus",PONCOL,,Belum
69,cs.esensia@gmail.com,024-76411636/67,33740300069,Klinik Utama Rawat Inap Esensia,Utama,Rawat Inap,1/16/2021,Jl. Wolter Mongisndi No. 40 RT 01 RW 06 Pedurungan Tengah,PEDURUNGAN,Kota Semarang,Jawa Tengah,Perusahaan/Badan hukum,PT MUHANA SANO ESENSI,Kementerian/Lembaga,Perorangan,Tidak,Ya,,TELOGOSARI WETAN,,Sudah
70,erhaclinicsmg@gmail.com,82277776037,33740300070,Klinik Utama Erha Ultimate,Utama,Non Rawat Inap,1/18/2021,JL. MAYJEND SUTOYO NO. 37 TELP 0248447799,SEMARANG TENGAH,Kota Semarang,Jawa Tengah,Perusahaan/Badan hukum,PT ERHA CLINIC INDONESIA,Masyarakat/Swasta,Badan Hukum,Tidak,Ya,,MIROTO,,Belum
71,erhasetiabudi@gmail.com,2476920507,33740300071,Erha Skin Setiabudi,Pratama,Non Rawat Inap,1/18/2021,Jl Setiabudi no 84 E RT 01 RW 03 Kelurahan Sumurboto,BANYUMANIK,Kota Semarang,Jawa Tengah,Perusahaan/Badan hukum,PT Erha Clinic Indonesia,Kementerian/Lembaga,Perorangan,Tidak,Tidak,,NGESREP,,Belum
72,klinikpurilaras@gmail.com,85725805491,33740300072,Klinik Pratama Puri Laras,Pratama,Non Rawat Inap,1/19/2021,Jl. Brigjend katamso 7 Kelurahan Karangturi Kecamatan Semarang Timur,SEMARANG TIMUR,Kota Semarang,Jawa Tengah,Perusahaan/Badan hukum,PT. Puri Laras Sejahtera,Masyarakat/Swasta,Badan Hukum,Ya,Ya,,HALMAHERA,0173B093,Belum
73,kphprima0120@gmail.com,81225039442,33740300073,Klinik Harapan Prima,Pratama,Non Rawat Inap,1/19/2021,"Jl. Puspogiwang I No. 28b, Gisikdrono, Semarang Barat",SEMARANG BARAT,Kota Semarang,Jawa Tengah,Masyarakat/Swasta,CV dr. Any S. Medica,Masyarakat/Swasta,Badan Usaha,Ya,Ya,"TB,Hipertensi,Diabetes Melitus",LEBDOSARI,0173U432,Belum
74,ratnajatiwalujo@gmail.com,081325753495_,33740300074,Klinik Pratama Yakes Telkom,Pratama,Non Rawat Inap,1/19/2021,jl. Sriwijaya no 2-3 semarang,CANDISARI,Kota Semarang,Jawa Tengah,Yayasan,YAYASAN KESEHATAN TELKOM,Kementerian/Lembaga,Perorangan,Ya,Ya,"TB,Hipertensi,Diabetes Melitus",KAGOK,0173B018,Belum
75,klinikinmed@yahoo.co.id,081390465958_,33740300075,Klinik Insan Medika,Pratama,Non Rawat Inap,1/19/2021,"Jl. Badak Raya No. 45 Kel. Pandean Lamper, Kec. Gayamsari",GAYAMSARI,Kota Semarang,Jawa Tengah,Perusahaan/Badan hukum,CV. GAIA SEMARANG CANTIK,Kementerian/Lembaga,Perorangan,Ya,Ya,"Hipertensi,Diabetes Melitus",GAYAM SARI,,Belum
76,clinichealth4@gmail.com,024 8319111,33740300076,Health Clinic,Pratama,Rawat Inap,1/19/2021,Jl. Gajah Mada No.97 Ruko Blok.3 Semarang,SEMARANG TENGAH,Kota Semarang,Jawa Tengah,Perorangan,David Hidayat,Kementerian/Lembaga,Perorangan,,,,Puskesmas Miroto Jl taman seteran Barat No 3 miroto Semarang tengah.,,
77,suzandewi04@gmail.com,082225584960_,33740300077,Klinik Sehati,Pratama,Non Rawat Inap,1/19/2021,"JL. CEMARA III NO.3 PADANGSARI, BANYUMANIK",BANYUMANIK,Kota Semarang,Jawa Tengah,Yayasan,SUTARDJO HENRIONO,Kementerian/Lembaga,Perorangan,Ya,Ya,,PADANGSARI,0173B057,Sudah
78,angkasa.medika@gmail.com,(024) 7607326,33740300078,Klinik Angkasa Medika,Pratama,Non Rawat Inap,1/19/2021,Jl. Abdulrahman Saleh Ruko No. 122 D,SEMARANG BARAT,Kota Semarang,Jawa Tengah,Masyarakat/Swasta,Hariman Teguh Susetyo,Masyarakat/Swasta,Perorangan,Ya,Ya,"TB,Hipertensi,Diabetes Melitus",LEBDOSARI,0173B051,Belum
79,klinikpratamaarjuna@yahoo.co.id,081321029834_,33740300079,Klinik Pratama Arjuna,Pratama,Non Rawat Inap,1/19/2021,Jl.arjuna no.44 pindrikan kidul semarang,SEMARANG TENGAH,Kota Semarang,Jawa Tengah,Masyarakat/Swasta,"DR. dr. Mochammad Abdul Hakam,Sp.PD",Masyarakat/Swasta,Perorangan,Ya,Ya,,PONCOL,0173b048,Belum
80,klinikutama.mediktama@gmail.com,081328087560_,33740300080,Klinik Utama Mediktama,Utama,Non Rawat Inap,1/20/2021,JL. KH AHMAD DAHLAN NO 9 RT 005 RW 001 KARANGKIDUL KOTA SEMARANG,SEMARANG TENGAH,Kota Semarang,Jawa Tengah,Masyarakat/Swasta,Ani Juwana,Masyarakat/Swasta,Perorangan,Tidak,Tidak,,MIROTO,,Sudah
81,is2003.anjasmoro@gmail.com,6.28217E+12,33740300081,Klinik Utama RAHB Indosehat 2003,Utama,Non Rawat Inap,1/20/2021,"JL. ANJASMORO RAYA 38 A / 7 , KELURAHAN KARANGAYU, KEC. SEMARANG BARAT, SEMARANG, JAWA TENGAH",SEMARANG BARAT,Kota Semarang,Jawa Tengah,Perusahaan/Badan hukum,PT KLINIK INDOSEHAT 2003,Masyarakat/Swasta,Badan Hukum,Tidak,Tidak,,KARANG AYU,,Belum
82,siliwangismg@yahoo.com,081225664455_,33740300082,Klinik Utama Ultra Medica,Utama,Non Rawat Inap,1/20/2021,JL RONGGOLAWE NO 83 RT 06 RW 03 KARANGAYU SEMARANG BARAT SEMARANG,SEMARANG BARAT,Kota Semarang,Jawa Tengah,Perusahaan/Badan hukum,PT ULTRA MEDICA SEJAHTERA,Masyarakat/Swasta,Badan Hukum,Tidak,Ya,,KARANG AYU,,Belum
83,phcpedurungansemarang@gmail.com,8112880914,33740300083,Klinik Utama PHC Pedurungan,Utama,Non Rawat Inap,1/20/2021,"Jl. woltermonginsidi No.93 Rt.06 Rw.09, Kecamatan Pedurungan, Semarang 50193",PEDURUNGAN,Kota Semarang,Jawa Tengah,Perusahaan/Badan hukum,PT PELINDO HUSADA CITRA,Masyarakat/Swasta,Badan Hukum,Tidak,Ya,,TELOGOSARI WETAN,,Belum
84,klinikpratamacarakalima@gmail.com,82220273725,33740300084,Klinik Pratama Carakalima,Pratama,Non Rawat Inap,1/20/2021,"Metro Square Jl Imam Bonjol Blok B-7 No. 47-49 Purwosari, Semarang Utara. Kota Semarang.",SEMARANG UTARA,Kota Semarang,Jawa Tengah,Perusahaan/Badan hukum,Kopkar Carakalima ( Wismawati ),Masyarakat/Swasta,Badan Usaha,Ya,Ya,,BULU LOR,0173u429,Sudah
85,Klinikmedikautama29@gmail.com,8112778776,33740300085,KLINIK MEDIKA UTAMA,Pratama,Non Rawat Inap,1/21/2021,"Jl. Jangli Krajan 215 Jatingaleh, Candisari, Semarang",CANDISARI,Kota Semarang,Jawa Tengah,Perusahaan/Badan hukum,CV. Mandiri Karya Utama,Masyarakat/Swasta,Badan Usaha,Ya,Ya,"TB,Hipertensi,Diabetes Melitus",CANDILAMA,0173U443,Belum
86,klinikpermatasehat@gmail.com,82134189324,33740300086,Klinik Pratama Permata Sehat,Pratama,Non Rawat Inap,1/21/2021,Jl. BUKIT BARISAN C1 No. 11 PERMATA PURI BRINGIN NGALIYAN SEMARANG,NGALIYAN,Kota Semarang,Jawa Tengah,Perusahaan/Badan hukum,Ir. Ronto Dumadi,Masyarakat/Swasta,Badan Usaha,Ya,Ya,,NGALIYAN,0173B030,Sudah
87,dhidoctors@gmail.com,82133914858,33740300087,DHI Doctors Healthcare,Pratama,Non Rawat Inap,1/21/2021,Ruko Plaza Taman Niaga D-5 BSB Pesantren Mijen Semarang,MIJEN,Kota Semarang,Jawa Tengah,Masyarakat/Swasta,CV. DHI DOCTOR'S HEALTHCARE,Masyarakat/Swasta,Badan Usaha,Tidak,Ya,"TB,Hipertensi,Diabetes Melitus",MIJEN,,Belum
88,kliniksitichabsah@yahoo.com,83842377915,33740300088,Klinik Pavilliun Siti Chabsah,Pratama,Non Rawat Inap,1/21/2021,"Jl. Zebra Raya RT/RW 05/04, Pedurungan, Pedurungan Kidul, Semarang",PEDURUNGAN,Kota Semarang,Jawa Tengah,Masyarakat/Swasta,"dr. Hariyadi Wibowo, SH, MARS",Masyarakat/Swasta,Perorangan,Ya,Ya,,TELOGOSARI WETAN,0173B035,Sudah
89,ayem.klinikpratama@gmail.com,024 6718387,33740300089,ayem,Pratama,Non Rawat Inap,1/21/2021,"Jl. Taman Udan Riris 1 no 36, Tlogosari Kulon",PEDURUNGAN,Kota Semarang,Jawa Tengah,Kementerian/Lembaga,Yayasan ECCLESIA CHRISTI,Masyarakat/Swasta,Perorangan,Ya,Ya,"TB,Hipertensi,Diabetes Melitus",TELOGOSARI KULON,0173b073,Belum
90,klinikkimiafarma_pemuda@yahoo.co.id,8112721580,33740300090,Klinik Kimia Farma Pemuda,Pratama,Non Rawat Inap,1/21/2021,"JL. PEMUDA 135, SEKAYU, SEMARANG TENGAH, SEMARANG",SEMARANG TENGAH,Kota Semarang,Jawa Tengah,Masyarakat/Swasta,PT KIMIA FARMA DIAGNOSTIKA,Masyarakat/Swasta,Badan Hukum,Ya,Ya,"TB,Hipertensi,Diabetes Melitus",PONCOL,0173B011,Belum
91,agnesbudiarto@yahoo.com,8176616185,33740300091,Yehova Rapha 2,Pratama,Non Rawat Inap,1/21/2021,Jl. Tegalsari Raya No. 75,CANDISARI,Kota Semarang,Jawa Tengah,Yayasan,Indrawan Eleeas,Kementerian/Lembaga,Perorangan,Tidak,,,Kagok,,Belum
92,klinikkf.271@gmail.com,82210004262,33740300092,Klinik Pratama Kimia Farma dr. Atin,Pratama,Non Rawat Inap,1/21/2021,"JL. DR CIPTO NO 49 SARIREJO, SEMARANG TIMUR",SEMARANG TIMUR,Kota Semarang,Jawa Tengah,Masyarakat/Swasta,PT KIMIA FARMA DIAGNOSTIKA,Masyarakat/Swasta,Badan Hukum,Ya,Ya,TB,HALMAHERA,0173B089,Belum
93,klinikkfsutomo@gmail.com,8122804262,33740300093,Klinik Pratama Kimia Farma dr. Elang,Pratama,Non Rawat Inap,1/21/2021,"JL. DR. SUTOMO NO 3, BARUSARI, SEMARANG SELATAN, KOTA SEMARANG",SEMARANG SELATAN,Kota Semarang,Jawa Tengah,Masyarakat/Swasta,PT KIMIA FARMA DIAGNOSTIKA,Masyarakat/Swasta,Badan Hukum,Ya,Ya,"TB,Hipertensi,Diabetes Melitus",PANDANARAN,0173B088,Belum
94,kfklinikngaliyan@gmail.com,85225192500,33740300094,Klinik Kimia Farma Ngaliyan,Pratama,Non Rawat Inap,1/21/2021,Jalan Raya Ngaliyan No.1B Kelurahan Tambakaji Kecamatan Ngaliyan Kota Semarang,NGALIYAN,Kota Semarang,Jawa Tengah,Perusahaan/Badan hukum,PT Kimia Farma Diagnostika,Kementerian/Lembaga,Perorangan,Ya,Ya,,TAMBAK AJI,0173b087,Sudah
95,mahisimulya@gmail.com,2476719030,33740300095,Klinik Pratama Mahisi Mulya,Pratama,Non Rawat Inap,1/21/2021,"Ruko kampung semawis A-5, Kedungmundu, Tembalang, Semarang",TEMBALANG,Kota Semarang,Jawa Tengah,Masyarakat/Swasta,CV BIMA MEDIKA,Masyarakat/Swasta,Badan Usaha,Ya,Ya,,KEDUNG MUNDU,0173u054,Sudah
96,kliniklanumad2020@gmail.com,85947423788,33740300096,Klinik Pratama Lanumad A. Yani,Pratama,Non Rawat Inap,1/21/2021,JL. PUAD AHMAD A YANI NO. 01,SEMARANG BARAT,Kota Semarang,Jawa Tengah,TNI,LANUMAD A. YANI,Kementerian/Lembaga,Perorangan,Ya,Ya,"TB,Hipertensi,Diabetes Melitus",LEBDOSARI,1730806,Belum
97,retnodewisuselo@yahoo.com,08122851547__,33740300097,Klinik Anugerah,Pratama,Non Rawat Inap,1/22/2021,Jl. Graha Mukti Raya 1146,PEDURUNGAN,Kota Semarang,Jawa Tengah,Perusahaan/Badan hukum,dr. Retno Dewi Suselo,Masyarakat/Swasta,Badan Usaha,Tidak,Ya,,TELOGOSARI KULON,,Sudah
98,baru16205@gmail.com,08122899771__,33740300098,Klinik Palma,Pratama,Non Rawat Inap,1/22/2021,JL. KALIGARANG NO. 27 SEMARANG,SEMARANG SELATAN,Kota Semarang,Jawa Tengah,Perusahaan/Badan hukum,"PT. Palma Nugraha Prima (Erwinanto, Dr)",Masyarakat/Swasta,Perorangan,Ya,Ya,"TB,Hipertensi,Diabetes Melitus",PANDANARAN,0173B041,Sudah
99,permatasariyayasan@gmail.com,089671185571_,33740300099,Klinik Utama Permata Sari,Utama,Non Rawat Inap,1/22/2021,"Jl. Kol Warsito Soegiarto KM 1, Bukit Manyaran Permai",GUNUNGPATI,Kota Semarang,Jawa Tengah,Masyarakat/Swasta,"Yayasan Permata Sari (Dr. Ir. Endang Sri Sarastri,",Kementerian/Lembaga,Perorangan,Tidak,Tidak,,GUNUNGPATI,,Belum
100,kklinikpratamakaryosih@gmail.com,8122825465,33740300100,Klinik Pratama Karyo SIH,Pratama,Non Rawat Inap,1/22/2021,Jl.Mutiara III no 53 perum Intan Sambiroto,TEMBALANG,Kota Semarang,Jawa Tengah,Masyarakat/Swasta,Rasmudjito,Masyarakat/Swasta,Perorangan,Tidak,Ya,,KEDUNG MUNDU,,Belum
101,klinikupgris@gmail.com,82136470023,33740300101,Klinik Pratama Universitas PGRI Semarang,Pratama,Non Rawat Inap,1/25/2021,JALAN SIDODADI TIMUR NO 24 KELURAHAN KARANGTEMPEL KECAMATAN SEMARANG TIMUR KOTA SEMARANG,SEMARANG TIMUR,Kota Semarang,Jawa Tengah,Yayasan,YAYASAN PEMBINA LPPT PGRI SEMARANG,Masyarakat/Swasta,Badan Hukum,Tidak,Ya,,HALMAHERA,,Belum
102,allaboutcareclinic@gmail.com,81910315322,33740300102,Klinik Pratama All About Care,Pratama,Non Rawat Inap,1/25/2021,Jl Madukoro Raya Ruko Bizpark Blok B16 Semarang,SEMARANG BARAT,Kota Semarang,Jawa Tengah,Perorangan,CV KLINIK VAKSIN INDONESIA,Masyarakat/Swasta,Badan Usaha,Tidak,Ya,,KROBOKAN,,Belum
103,deka.medika@yahoo.com,081393256456_,33740300103,Klinik Praatama 24 Jam Klinik Deka Medika,Pratama,Non Rawat Inap,1/27/2021,"Jl. Klipang Raya Ruko Klipang Golf View Kavling C.6 Sendangmulyo,Tembalang,Semarang",TEMBALANG,Kota Semarang,Jawa Tengah,Perorangan,dr. KURNIA INDAH KUSUMASTUTI,Masyarakat/Swasta,Perorangan,Tidak,Tidak,,KEDUNG MUNDU,,Belum
104,hrrep.smg@kmneyecare.com,85334466201,33740300104,Klinik Mata Nusantara,Utama,Non Rawat Inap,1/27/2021,JL. A . YANI NO.164 KARANG KIDUL SEMARANG,SEMARANG TENGAH,Kota Semarang,Jawa Tengah,Perusahaan/Badan hukum,PT. AUSTINDO NUSANTARA JAYA HEALTHCARE,Kementerian/Lembaga,Perorangan,Tidak,,,PUSKESMAS MIROTO SEMARANG,,Belum
105,klinikudinus@gmail.com,243558576,33740300105,Klinik Pratama Dian Nuswantoro,Pratama,Non Rawat Inap,2/10/2021,JL.NAKULA I NO 12,SEMARANG TENGAH,Kota Semarang,Jawa Tengah,Yayasan,YAYASAN DIAN NUSAWANTORO,Kementerian/Lembaga,Badan Hukum,Tidak,Ya,,PONCOL,,Belum
106,klinik.biddokkesjateng@gmail.com,08112999050__,33740300106,Klinik Pratama Biddokkes Polda Jateng,Pratama,Non Rawat Inap,3/2/2021,"Asrama Polisi Sendang Mulyo, Jalan Ketileng Raya, Kedungmundu, Tembalang, Sendangmulyo, Kec. Tembalang, Kota Semarang, Jawa Tengah 50272",TEMBALANG,Kota Semarang,Jawa Tengah,POLRI,BIDDOKKES POLDA JAWA TENGAH,POLRI,Badan Hukum Publik,Ya,Ya,"TB,Hipertensi,Diabetes Melitus",KEDUNG MUNDU,1730807,Belum
107,syariefahsoraya@yahoo.com,81575781892,33740300107,Klinik Mitra Umat,Pratama,Non Rawat Inap,3/24/2021,"JL. BULUSAN VI/34 RT 01 RW 05 KEC. TEMBALANG, KEL. BULUSAN, KOTA SEMARANG",TEMBALANG,Kota Semarang,Jawa Tengah,Perusahaan/Badan hukum,CV MITRA,Masyarakat/Swasta,Badan Usaha,Ya,Ya,"TB,Hipertensi,Diabetes Melitus,Lainnya",ROWOSARI,0173b058,Sudah
108,polkeskodam4dip@gmail.com,82322832512,33740300108,Klinik Pratama Kodam IV/Diponegoro,Pratama,Non Rawat Inap,4/19/2021,"Komp. Kodam IV/Diponegoro, Jl. Perintis Kemerdekaan Watugong Semarang",BANYUMANIK,Kota Semarang,Jawa Tengah,TNI,Kesdam IV/Diponegoro,TNI,Badan Hukum Publik,Ya,Ya,,PUNDAKPAYUNG,1730802,Sudah
109,klinikpratamayon15@gmail.com,85875201455,33740300109,Klinik Pratama Yonarhanud 15/Dby,Pratama,Non Rawat Inap,4/22/2021,Jl.Kesatrian Jatingaleh Candisari Semarang Jawa Tengah,CANDISARI,Kota Semarang,Jawa Tengah,TNI,KESDAM IV/DIPONEGORO,TNI,Badan Hukum Publik,Ya,Ya,,CANDILAMA,1730804,Sudah
110,nurhayatisp@ymail.com,085656251836_,33740300110,Klinik Pratama Shafira,Pratama,Non Rawat Inap,7/29/2021,Jl Pandansari 2 no 688 Semarang Tengah,SEMARANG TENGAH,Kota Semarang,Jawa Tengah,Perusahaan/Badan hukum,CV HAYATI PRIMA,Masyarakat/Swasta,Badan Usaha,Ya,Ya,,PONCOL,0173B076,Sudah
111,klinik.setiabudismg@gmail.com,81806825125,33740300111,KLINIK PRATAMA SETIABUDI,Pratama,Non Rawat Inap,7/30/2021,Jl Ngesrep Timur V Dalam I No. 38 A RT 005 RW 01 Kelurahan Sumurboto Kecamatan Banyumanik,BANYUMANIK,Kota Semarang,Jawa Tengah,Perusahaan/Badan hukum,CV SETIA BUDI MEDIKA,Masyarakat/Swasta,Badan Usaha,Ya,Ya,,NGESREP,0173u441,Sudah
112,klinikpratamaafiat@gmail.com,024 6715493,33740300112,KLINIK PRATAMA AFIAT,Pratama,Non Rawat Inap,7/30/2021,JL. BRIGJEND SUDIARTO 449 SEMARANG,PEDURUNGAN,Kota Semarang,Jawa Tengah,Masyarakat/Swasta,CV AFIAT SEJAHTERA,Masyarakat/Swasta,Badan Usaha,Ya,Ya,,TELOGOSARI KULON,0173b077,Sudah
113,klinikpratamasu@yahoo.co.id,081326558137_,33740300113,KLINIK PRATAMA SEHAT UTAMA,Pratama,Non Rawat Inap,7/30/2021,Jl. Medoho Raya no. 21 Rt.05 Rw.07 Kel. Sambirejo,GAYAMSARI,Kota Semarang,Jawa Tengah,Perusahaan/Badan hukum,Martono,Masyarakat/Swasta,Badan Usaha,Ya,Ya,,GAYAM SARI,0173B017,Sudah
114,candieyecenter@gmail.com,024-8501426,33740300114,Klinik Utama Mata Candi Eye Center,Utama,Non Rawat Inap,9/30/2021,dr. Wahidin FHG.2 Semarang 50254,CANDISARI,Kota Semarang,Jawa Tengah,Perusahaan/Badan hukum,PT.Netra Mulia Sejahtera,Masyarakat/Swasta,Badan Usaha,Ya,Ya,,CANDILAMA,0173S003,Belum
115,Klinikdokterspesialis_mitrakita@yahoo.co.id,082136345034_,33740300115,Klinik Utama Mitrakita,Utama,Rawat Inap,10/12/2021,JL. PUSPANJOLO BARAT RAYA NO.45 BOJONGSALAMAN SEMARANG BARAT,SEMARANG BARAT,Kota Semarang,Jawa Tengah,Perusahaan/Badan hukum,Dr. Priska Harsanti Devi,Masyarakat/Swasta,Perorangan,Tidak,Ya,,KARANG AYU,,Sudah
116,klinik.materdei@gmail.com,088220239785_,33740300116,Klinik Pratama Mater Deii,Pratama,Non Rawat Inap,10/15/2021,Jalan Lampersari No 73,SEMARANG SELATAN,Kota Semarang,Jawa Tengah,Yayasan,Yayasan Sosial Soegijapranata,Kementerian/Lembaga,Perorangan,Tidak,Ya,"Hipertensi,Diabetes Melitus",LAMPER TENGAH,,Belum
117,kgl.bmsjrakah@gmail.com,(024) 7615297,33740300117,Klinik Ginjal & Hipertensi Lestari - BMS Jrakah,Utama,Non Rawat Inap,11/10/2021,JL. Siliwangi No. 3 Jrakah Semarang,TUGU,Kota Semarang,Jawa Tengah,Perusahaan/Badan hukum,PT. LWB dan PT. BMS,Masyarakat/Swasta,Perorangan,Ya,Ya,,KARANG ANYAR,0173S002,Belum
118,kgl_adm@yahoo.com,6.28223E+12,33740300118,Klinik Ginjal Dan Hipertensi Lestari,Utama,Non Rawat Inap,11/17/2021,Klinik Ginjal Dan Hipertensi Lestari. Jalan Sompok Baru No. 76-78,SEMARANG SELATAN,Kota Semarang,Jawa Tengah,Perusahaan/Badan hukum,"Wahyudi Basuki,SH",Kementerian/Lembaga,Badan Hukum,Ya,Tidak,,LAMPER TENGAH,0173S001,Belum
119,lexa.setiabudi@gmail.com,08164889750__,33740300119,Lexa Skin Clinic,Utama,Non Rawat Inap,11/23/2021,Jl SETIABUDI 257 BANYUMANIK SEMARANG,BANYUMANIK,Kota Semarang,Jawa Tengah,Perusahaan/Badan hukum,Ir LINARIAH SETIAWAN S,Kementerian/Lembaga,Perorangan,Tidak,Tidak,,SRONDOL,,Sudah
120,klinikmatapapandayan@gmail.com,081227942222_,33740300120,Klinik Mata Papandayan,Utama,Non Rawat Inap,11/23/2021,JL. PAPANDAYAN NO.1 (SAMPANGAN),GAJAHMUNGKUR,Kota Semarang,Jawa Tengah,Perusahaan/Badan hukum,"DR. H. HARKA PRASETYA, SP.M(K)",Masyarakat/Swasta,Badan Usaha,Tidak,Tidak,,PEGANDAN,,Sudah
121,klinikitasingosari@hotmail.com,811278256,33740300121,Klinik Utama Klinikita TK Singosari,Utama,Non Rawat Inap,11/23/2021,"Jl Singosari II No. 5 Semarang Selatan, Kota Semarang",SEMARANG SELATAN,Kota Semarang,Jawa Tengah,Perusahaan/Badan hukum,PT. Dokter Moez Indonesia,Kementerian/Lembaga,Perorangan,Tidak,Ya,TB,PANDANARAN,,Belum
122,ibl_klinik@yahoo.com,0811275579___,33740300122,Klinik Utama Imam Bonjol (Ibl),Utama,Non Rawat Inap,11/23/2021,Jl. Imam Bonjol No. 173 Pendrikan Kidul Semarang,SEMARANG TENGAH,Kota Semarang,Jawa Tengah,Perusahaan/Badan hukum,PT IBL Prioritas DIagnostika,Masyarakat/Swasta,Badan Hukum,Tidak,Ya,,PONCOL,,Belum
123,medpermata@gmail.com,81392241658,33740300123,Klinik Utama Permata,Utama,Non Rawat Inap,11/24/2021,"JL. MAYJEND SUTOYO S NO. 962 A, SEMARANG",SEMARANG TENGAH,Kota Semarang,Jawa Tengah,Yayasan,YAYASAN MEDITAMA PERMATA,Masyarakat/Swasta,Badan Usaha,Tidak,Tidak,,MIROTO,,Sudah
124,praktekerlg@gmail.com,85712447278,33740300124,Klinik Utama Erlangga,Utama,Non Rawat Inap,11/24/2021,"Jl. Erlangga Raya No. 39 RT 4 RW 4, Pleburan, Semarang Selatan",SEMARANG SELATAN,Kota Semarang,Jawa Tengah,Masyarakat/Swasta,"dr. Eka Chandra Herlina, M.Rep.Sc, Sp.OG",Masyarakat/Swasta,Perorangan,Tidak,Ya,,PANDANARAN,,Belum
125,nadira.mt.haryono@gmail.com,8.9541E+11,33740300125,Klinik Gigi Nadira MT. Haryono,Utama,Non Rawat Inap,11/25/2021,JL. MT. Haryono No 693 Semarang,SEMARANG SELATAN,Kota Semarang,Jawa Tengah,Masyarakat/Swasta,PT NADIRA RADIFA MANDIRI,Kementerian/Lembaga,Perorangan,Tidak,Tidak,,PANDANARAN,,Belum
126,nadira.tusam@gmail.com,6.28573E+12,33740300126,Klinik Gigi Nadira Tusam,Utama,Non Rawat Inap,11/25/2021,Jl. Tusam Timur No 34 Pedalangan Banyumanik Semarang,BANYUMANIK,Kota Semarang,Jawa Tengah,Perusahaan/Badan hukum,"Budi Ponco Prakoso, ST, MM",Masyarakat/Swasta,Badan Hukum,Tidak,Tidak,,PADANGSARI,,Belum
127,centrumsmg@yahoo.com,247614767,33740300127,Klinik Utama Centrum,Utama,Non Rawat Inap,11/26/2021,JL. PUSPONJOLO BARAT NO. 14 RT. 07 RW.01 KEL. CABEAN KEC. SEMARANG BARAT SEMARANG,SEMARANG BARAT,Kota Semarang,Jawa Tengah,Perusahaan/Badan hukum,PT. CENTRUM SABDA HUSADA,Masyarakat/Swasta,Badan Hukum,Tidak,Ya,,KARANG AYU,1734387,Belum
128,restiti.hidayat@gmail.com,811273316,33740300128,KLINIK PRATAMA PANDU SEHAT,Pratama,Non Rawat Inap,11/27/2021,Jl. Cinde Selatan 29 RT 8 RW 8 Jomblang Candisari Semarang,CANDISARI,Kota Semarang,Jawa Tengah,Perusahaan/Badan hukum,CV. Mitra Hidayat Sejahtera,Masyarakat/Swasta,Badan Hukum,Tidak,Ya,,CANDILAMA,,Sudah
129,drdiahadriani@yahoo.com,024-8415448,33740300129,Gracia Skin Clinic,Utama,Non Rawat Inap,12/1/2021,JL. PANDANARAN I NO. 29 A SEMARANG,SEMARANG TENGAH,Kota Semarang,Jawa Tengah,Perusahaan/Badan hukum,Ir. Linariah Setiawan,Masyarakat/Swasta,Badan Usaha,Tidak,Tidak,,MIROTO,,Sudah
130,sebyclinicsemarang@gmail.com,81325086431,33740300130,Seby Clinic dr. Undang Dermatology & Aesthetics,Utama,Non Rawat Inap,12/2/2021,"JL. TAMAN GEDUNG BATU NO. 26 RT 04 RW 05 NGEMPLAK SIMONGAN, SEMARANG BARAT, SEMARANG 50148",SEMARANG BARAT,Kota Semarang,Jawa Tengah,Perusahaan/Badan hukum,PT. MEDIA CAHAYA MANDIRI,Kementerian/Lembaga,Badan Usaha,Tidak,Ya,,NGEMPLAK SIMONGAN,,Belum
131,pratamapegadaian@gmail.com,81327570079,33740300131,Klinik Pratama Pegadaian Permata,Pratama,Non Rawat Inap,12/14/2021,"Jl. Ki Mangunsarkoro No. 7, Karangkidul, Semarang tengah, Semarang, Jawa Tengah",SEMARANG TENGAH,Kota Semarang,Jawa Tengah,Masyarakat/Swasta,YAYASAN KESEJAHTERAAN PEGADAIAN PERMATA,Masyarakat/Swasta,Badan Hukum,Tidak,Ya,,MIROTO,,Belum
132,klinikpratama.uin@walisongo.ac.id,82299745864,33740300132,KLINIK PRATAMA UIN WALISONGO SEMARANG,Pratama,Non Rawat Inap,1/5/2022,Jl. Walisongo No. 3-5 Semarang,NGALIYAN,Kota Semarang,Jawa Tengah,Kementerian/Lembaga,UIN Walisongo Semarang,Kementerian/Lembaga,Badan Hukum Publik,Ya,Ya,,TAMBAK AJI,1101u175,Sudah
133,klinikkusmiceria@gmail.com,08122877800__,33740300133,KLINIK KUSMI CERIA,Pratama,Non Rawat Inap,1/5/2022,Jl. Ligu Tengah 1089 Semarang,SEMARANG TIMUR,Kota Semarang,Jawa Tengah,Perusahaan/Badan hukum,CV. Tirta Rukma Cahaya Ceria,Masyarakat/Swasta,Badan Usaha,Ya,Ya,,HALMAHERA,0173B094,Sudah
134,klinik1sehat@gmail.com,81326307823,33740300134,Klinik Satu Sehat,Pratama,Non Rawat Inap,1/6/2022,"Jalan S. Parman No. 1A, Kelurahan Bendungan, Kecamatan Gajahmungkur, Kota Semarang",GAJAHMUNGKUR,Kota Semarang,Jawa Tengah,Perusahaan/Badan hukum,PT Anugrah Satu Hati,Masyarakat/Swasta,Badan Hukum,Tidak,Ya,,PEGANDAN,,Belum
135,klinikqu.tusam@gmail.com,81315494449,33740300135,KLINIK PRATAMA SEHATQU,Pratama,Non Rawat Inap,1/20/2022,"Jln. Tusam Timur Raya No.35, Pedalangan, Banyumanik, Semarang, Jawa tengah",BANYUMANIK,Kota Semarang,Jawa Tengah,Masyarakat/Swasta,Yayasan Sehat Paripurna Indonesia,Masyarakat/Swasta,Badan Usaha,Tidak,Ya,,PADANGSARI,,Belum
136,klinikgunungmuriamedica@gmail.com,08563215555__,33740300136,Klinik Gunung Muria Medica,Pratama,Non Rawat Inap,1/21/2022,Jalan Woltermonginsidi No 91 B,PEDURUNGAN,Kota Semarang,Jawa Tengah,Masyarakat/Swasta,CV GUNUNG MURIA,Masyarakat/Swasta,Badan Usaha,Ya,Ya,,TELOGOSARI WETAN,0173b029,Sudah
137,alsihadklinikpratama@gmail.com,89508039831,33740300137,KLINIK PRATAMA AL SIHAD,Pratama,Non Rawat Inap,2/10/2022,"Jl. K. ZAINUDIN RAYA RT. 09/RW.02, KEL. KARANGROTO, KEC. GENUK, KOTA SEMARANG",GENUK,Kota Semarang,Jawa Tengah,Masyarakat/Swasta,CV HIBATULLAH,Masyarakat/Swasta,Badan Usaha,Tidak,Ya,"TB,Hipertensi,Diabetes Melitus,Lainnya",BANGET AYU,,Belum
138,klinikpratama@poltekkes-smg.ac.id,82135418095,33740300138,Klinik Pratama Poltekkes Kemenkes Semarang,Pratama,Non Rawat Inap,3/6/2022,"Jl. Tirto Agung, Pedalangan, Banyumanik, Semarang",BANYUMANIK,Kota Semarang,Jawa Tengah,Kementerian/Lembaga,"Dr.Marsum,BE,S.Pd,MHP (POLTEKKES KEMENKES SEMARANG",Kementerian/Lembaga,Badan Hukum Publik,Ya,Ya,"TB,Hipertensi,Diabetes Melitus",PADANGSARI,0173B074,Sudah
139,omsemarang.zap@gmail.com,82224106564,33740300139,ZAP Semarang Gajah Mada,Utama,Non Rawat Inap,3/7/2022,"Jl. Gajahmada no 148, brumbungan, semarang",SEMARANG TENGAH,Kota Semarang,Jawa Tengah,Masyarakat/Swasta,Muchammad Fadhli,Kementerian/Lembaga,Perorangan,Tidak,Tidak,,MIROTO,,Belum
140,pamularsihsuperskin@gmail.com,81238481288,33740300140,KLINIK PRATAMA SUPER SKIN,Pratama,Non Rawat Inap,3/12/2022,"Jl. Pamularsih Raya No. 84, Kelurahan Bongsari, Kecamatan Semarang Barat, Kota Semarang, Jawa Tengah, 50149",SEMARANG BARAT,Kota Semarang,Jawa Tengah,Kementerian/Lembaga,PT. FIOS ANEKA MEDIKA,Masyarakat/Swasta,Badan Usaha,Tidak,Ya,,NGEMPLAK SIMONGAN,,Belum
141,fatmawatisuperskin58@gmail.com,81335525546,33740300141,Klinik Pratama Super Skin,Pratama,Non Rawat Inap,3/12/2022,"Jl. Fatmawati No. 90 Semarang, Kecamatan Pedurungan, Jawa Tengah",PEDURUNGAN,Kota Semarang,Jawa Tengah,Masyarakat/Swasta,PT. Fios Aneka Medika,Masyarakat/Swasta,Badan Usaha,Tidak,Ya,,TELOGOSARI WETAN,,Belum
142,klinikpratama.rahmatika@gmail.com,081225690954_,33740300142,Klinik Pratama Rahmatika,Pratama,Non Rawat Inap,3/15/2022,JL. Pengkol RT 05/ RW 01 Kel Mangunsari Kec Gunung Pati Semarang,GUNUNGPATI,Kota Semarang,Jawa Tengah,Perusahaan/Badan hukum,CV. RAHMATIKA HASANAH,Masyarakat/Swasta,Badan Usaha,Tidak,Ya,,GUNUNGPATI,,Sudah
143,klinikkimiafarmacitarum@gmail.com,8114007420,33740300143,Klinik Kimia Farma Citarum,Pratama,Non Rawat Inap,3/17/2022,"Jl. Citarum No. 60, Kelurahan Mlatibaru",SEMARANG TIMUR,Kota Semarang,Jawa Tengah,Masyarakat/Swasta,PT KIMIA FARMA DIAGNOSTIKA,Masyarakat/Swasta,Badan Hukum,Ya,Ya,,KARANG DORO,0173b047,Belum
144,klinik_kfgajah@yahoo.com,81222210019,33740300144,Klinik Kimia Farma Majapahit,Pratama,Non Rawat Inap,3/31/2022,"JLN. MEDOHO RAYA 1 NO. 18, KOTA SEMARANG",GAYAMSARI,Kota Semarang,Jawa Tengah,Masyarakat/Swasta,PT KIMIA FARMA APOTEK,Masyarakat/Swasta,Badan Hukum,Ya,Ya,,GAYAM SARI,0173B033,Belum
145,delima.sehat21@gmail.com,87778934200,33740300145,Klinik Delima Sehat,Pratama,Non Rawat Inap,4/8/2022,"Jl. Fatmawati No.21A, Gemah, Pedurungan, Kota Semarang",PEDURUNGAN,Kota Semarang,Jawa Tengah,Perusahaan/Badan hukum,CV. Delima,Masyarakat/Swasta,Badan Usaha,Ya,Ya,,TELOGOSARI KULON,0173B024,Sudah
146,klinikindosehat07@gmail.com,81325184246,33740300146,KLINIK INDOSEHAT PRIMA,Pratama,Non Rawat Inap,4/8/2022,JL KOL RW SUGIARTO,GUNUNGPATI,Kota Semarang,Jawa Tengah,Perusahaan/Badan hukum,CV INDOSEHAT,Masyarakat/Swasta,Badan Usaha,Ya,Ya,,GUNUNGPATI,0173B092,Sudah
147,titoranda@gmail.com,628121535355_,33740300147,KLINIK GIGI PRATAMA TITO DENTAL CARE,Pratama,Non Rawat Inap,4/11/2022,Jalan Majapahit 238,PEDURUNGAN,Kota Semarang,Jawa Tengah,Masyarakat/Swasta,drg. Tito Randa,Masyarakat/Swasta,Perorangan,Tidak,Ya,,TELOGOSARI KULON,,Belum
148,urkes.satbrimob@gmail.com,82221876218,33740300148,klinik Pratama Satbrimobda Jateng,Pratama,Non Rawat Inap,4/11/2022,JL. JEND. POL. ANTON SUDJARWO NO. 218. KOTA SEMARANG,BANYUMANIK,Kota Semarang,Jawa Tengah,POLRI,INSTITUSI,POLRI,Badan Hukum Publik,Ya,Ya,"TB,Hipertensi,Diabetes Melitus",SRONDOL,1730004,Sudah
149,klinikpratamalcmedika@gmail.com,81225053030,33740300149,Klinik Pratama Lestari Care Medika,Pratama,Non Rawat Inap,4/11/2022,"JL. ALAM SARI RAYA NO. 17, SENDANGMULYO, TEMBALANG, KOTA SEMARANG",TEMBALANG,Kota Semarang,Jawa Tengah,Masyarakat/Swasta,CV PRATAMA LESTARI CARE MEDIKA,Masyarakat/Swasta,Badan Usaha,Tidak,Ya,,KEDUNG MUNDU,,Belum
150,2klinikmardimulya@gmail.com,85107500790,33740300150,KLINIK 24 JAM MARDI MULYA II,Pratama,Non Rawat Inap,4/11/2022,JL WALISONGO 9 RT 3 RW 1 KEL JRAKAH KEC TUGU 50184,TUGU,Kota Semarang,Jawa Tengah,Masyarakat/Swasta,PT ADYATMA NUGRAHA LESTARI,Masyarakat/Swasta,Badan Usaha,Ya,Ya,,KARANG ANYAR,0173B039,Belum
151,3klinikmardimulya@gmail.com,247619359,33740300151,KLINIK 24 JAM MARDI MULYA III,Pratama,Non Rawat Inap,4/11/2022,JL JEND. SUDIRMAN 67 RT 01 RW 01 KEL. KROBOKAN KEC. SEMARANG BARAT 50149,SEMARANG BARAT,Kota Semarang,Jawa Tengah,Masyarakat/Swasta,PT ADYATMA NUGRAHA LESTARI,Masyarakat/Swasta,Badan Usaha,Tidak,Ya,,KROBOKAN,,Belum
152,drdaniksemarang@gmail.com,08122830165__,33740300152,KLINIK NUR AINI,Pratama,Non Rawat Inap,4/11/2022,"jl. mawar 1 No 11, Perum graha Golf, Sendangmulyo, Kec. Tembalang, Kota Semarang",TEMBALANG,Kota Semarang,Jawa Tengah,Masyarakat/Swasta,CV NUR AINI,Kementerian/Lembaga,Perorangan,Ya,Ya,,KEDUNG MUNDU,0173u428,Sudah
153,samule011996@gmail.com,81359629007,33740300153,Klinik Pratama Yonarhanud 15/DBY,Pratama,Non Rawat Inap,4/11/2022,JL. KESATRIAN JATINGALEH RT 02 RW 10,CANDISARI,Kota Semarang,Jawa Tengah,TNI,Kesdam IV/Dip,TNI,Perorangan,Ya,Ya,TB,CANDILAMA,,Belum
154,5klinikmardimulya@gmail.com,2476415987,33740300154,KLINIK PRATAMA 24 JAM MARDI MULYA V,Pratama,Non Rawat Inap,4/12/2022,"JL PROF SOEHARSO RT 05 RW 20 SEMARANG KEL SENDANGMULYO, KEC TEMBALANG",TEMBALANG,Kota Semarang,Jawa Tengah,Masyarakat/Swasta,PT ADYATMA NUGRAHA LESTARI,Masyarakat/Swasta,Badan Usaha,Tidak,Ya,,KEDUNG MUNDU,,Belum
155,7klinikmardimulya@gmail.com,2476407412,33740300155,KLINIK PRATAMA MARDI MULYA VII,Pratama,Non Rawat Inap,4/12/2022,JL JATIMULYO NO 1 PEDALANGAN KEC BANYUMANIK SEMARANG 50239,BANYUMANIK,Kota Semarang,Jawa Tengah,Masyarakat/Swasta,PT ADYATMA NUGRAHA LESTARI,Masyarakat/Swasta,Badan Usaha,Tidak,Ya,,PADANGSARI,,Belum
156,6klinikmardimulya@gmail.com,247603587,33740300156,KLINIK MARDI MULYA VI,Pratama,Non Rawat Inap,4/12/2022,JL ABDULRAHMAN SALEH 150 RT 01 RW 04 KEL. KALIBANTENG KIDUL KEC. SEMARANG BARAT 50183,SEMARANG BARAT,Kota Semarang,Jawa Tengah,Masyarakat/Swasta,PT ADYATMA NUGRAHA LESTARI,Masyarakat/Swasta,Badan Usaha,Ya,Ya,,LEBDOSARI,0173b026,Belum
157,tanjungemasphc@gmail.com,81225557701,33740300157,KLINIK PHC TANJUNG EMAS,Pratama,Non Rawat Inap,4/19/2022,USMAN JANATIN NO.8 SEMARANG,SEMARANG UTARA,Kota Semarang,Jawa Tengah,Masyarakat/Swasta,PT PELINDO HUSADA CITRA,Masyarakat/Swasta,Badan Hukum,Ya,Ya,,BANDARHARJO,0173b013,Belum
158,klinikestihusada11@gmail.com,(024) 76451318,33740300158,Esti Husada,Pratama,Non Rawat Inap,4/20/2022,"Jl. KH. Zaenudin Raya No. 25, Karangroto, Genuk, Semarang",GENUK,Kota Semarang,Jawa Tengah,Masyarakat/Swasta,CV Esti Husada ( Esti Wijayanti),Masyarakat/Swasta,Badan Usaha,Ya,Ya,,BANGET AYU,0173b012,Sudah
159,nadira.tlogosari01@gmail.com,8.9541E+11,33740300159,Klinik Gigi Nadira Tlogosari,Utama,Non Rawat Inap,6/3/2022,"Jl. Tlogosari Raya I No 42 B, Semarang",PEDURUNGAN,Kota Semarang,Jawa Tengah,Masyarakat/Swasta,PT NADIRA RADIFA MANDIRI (BUDI PONCO PRAKOSO),Masyarakat/Swasta,Badan Hukum,Tidak,Tidak,,TELOGOSARI KULON,,Belum
160,nuraenifarida6674@gmail.com,085876528063_,33740300160,Klinik Utama Namira,Utama,Rawat Inap,6/16/2022,Jl. Rejosari 3/1 Ngijo,GUNUNGPATI,Kota Semarang,Jawa Tengah,Masyarakat/Swasta,PT. Naufatlin Namira Husada Utama,Kementerian/Lembaga,Perorangan,Tidak,Ya,,SEKARAN,,Belum
161,puslakes@mail.unnes.ac.id,6.2851E+12,33740300161,KLINIK PRATAMA UNNES,Pratama,Non Rawat Inap,6/21/2022,"Gedung Kewirausahaan UNNES Jl Taman Siswa, Sekaran, Gunungpati, Kota Semarang",GUNUNGPATI,Kota Semarang,Jawa Tengah,Kementerian/Lembaga,Universitas Negeri Semarang,Kementerian/Lembaga,Badan Hukum Publik,Ya,Ya,,SEKARAN,0173b009,Sudah
162,medikabina@gmail.com,085866846247_,33740300162,KLINIK PRATAMA BINA MEDIKA,Pratama,Non Rawat Inap,6/29/2022,Jl Gaharu Raya No.19 Rt.01 Rw.11 Srondol Wetan Banyumanik Semarang,BANYUMANIK,Kota Semarang,Jawa Tengah,Masyarakat/Swasta,CV. Artha Podomoro,Kementerian/Lembaga,Perorangan,Ya,Ya,,SRONDOL,0173B065,Belum
163,rohni20.helixlab@gmail.com,08118746268__,33740300163,Kliniki Pratama Helix,Pratama,Non Rawat Inap,6/30/2022,"Jl.Jati Raya D/24 RT.006 RW.06 Kel. Srondol Wetan Kec.Banyumanik, Semarang",BANYUMANIK,Kota Semarang,Jawa Tengah,Masyarakat/Swasta,"Rohni Cahaya Manik, S.Si, Apt",Kementerian/Lembaga,Perorangan,Tidak,Tidak,,SRONDOL,,Belum
164,narendramedika@gmail.com,85201450515,33740300164,Klinik Pratama Narendra Medika,Pratama,Non Rawat Inap,7/4/2022,Pedurungan Kidul V No.17 RT 4 RW 1,PEDURUNGAN,Kota Semarang,Jawa Tengah,Masyarakat/Swasta,CV NARENDRA MEDIKA,Masyarakat/Swasta,Badan Usaha,Ya,Ya,"TB,Hipertensi,Diabetes Melitus",TELOGOSARI KULON,0173B097,Sudah
165,semarang2@miracle-clinic.com,6.28113E+11,33740300165,Miracle Aesthetic Clinic Setiabudi Semarang,Pratama,Non Rawat Inap,7/25/2022,"Jl. Setiabudi no 109, Srondol Kulon, Banyumanik, Semarang",BANYUMANIK,Kota Semarang,Jawa Tengah,Masyarakat/Swasta,PT. Safa Aura Anisa,Masyarakat/Swasta,Badan Usaha,Tidak,Tidak,,SRONDOL,,Belum
166,klinik.wp97@gmail.com,81215392137,33740300166,KLINIK WIRA PRATAMA AKPOL,Pratama,Non Rawat Inap,7/25/2022,jl. Papandayan Raya No.36 kecamatan Gajahmungkur Kelurahan Gajahmungkur kota Semarang,GAJAHMUNGKUR,Kota Semarang,Jawa Tengah,POLRI,RUMKIT BHAYANGKARA AKPOL LEMDIKLAT POLRI KEPOLISIA,POLRI,Badan Hukum Publik,Ya,Ya,,PEGANDAN,0173B086,Sudah
167,klinikkalluna@gmail.com,81233038689,33740300167,KLINIK PRATAMA KALLUNA FAMILY HEALTH CENTER,Pratama,Non Rawat Inap,7/27/2022,"Jalan Citandui Selatan No 22, Bugangan, Semarang Timur, Semarang",SEMARANG TIMUR,Kota Semarang,Jawa Tengah,Masyarakat/Swasta,PT Saras Askara Yuda Medika,Masyarakat/Swasta,Badan Usaha,Ya,Ya,,BUGANGAN,0173B099,Belum
168,intibios.sula.semarang@gmail.com,82120006869,33740300168,KLINIK PRATAMA INTIBIOS,Pratama,Non Rawat Inap,7/28/2022,"Jl.Sultan Agung No.142, Kaliwiru, Kec. Candisari, Semarang , Jawa Tengah",CANDISARI,Kota Semarang,Jawa Tengah,Masyarakat/Swasta,PT INTIBIOS MAKMUR INDONESIA SEHAT,Masyarakat/Swasta,Badan Hukum,Tidak,Ya,,KAGOK,,Belum
169,cso.harmoni@gmail.com,08122841170__,33740300169,Klinik Pratama Harmoni Karya,Pratama,Non Rawat Inap,8/3/2022,Jl.Kedungundu Raya No.161 A Kel. Sendangguwo,TEMBALANG,Kota Semarang,Jawa Tengah,Masyarakat/Swasta,PT Harmoni Karya Diagnostika,Masyarakat/Swasta,Badan Hukum,Tidak,Ya,,KEDUNG MUNDU,,Belum
170,klinikcitasehat.smg@gmail.com,(024) 844-0505,33740300170,Klinik Cita Sehat,Pratama,Non Rawat Inap,8/4/2022,"Jl. Sompok No. 70 Lamper Lor, Semarang Selatan Kota Semarang",SEMARANG SELATAN,Kota Semarang,Jawa Tengah,Masyarakat/Swasta,Yayasan Cita Sehat,Kementerian/Lembaga,Badan Hukum,Ya,Ya,,LAMPER TENGAH,0173B082,Belum
171,klinikpratamarawatinap@unimus.ac.id,81390100842,33740300171,Klinik Rawat Inap Pratama Unimus,Pratama,Rawat Inap,8/11/2022,Jln. Petek Kp. Gayam RT.02 RW.06 Kel. Dadapsari Kec. Semarang Utara,SEMARANG UTARA,Kota Semarang,Jawa Tengah,Masyarakat/Swasta,Badan Hukum Selain PT KLINIK PRATAMA UNIMUS,Kementerian/Lembaga,Perorangan,Ya,Ya,"Hipertensi,Diabetes Melitus",BANDARHARJO,,Belum
172,puspitaranid@yahoo.com,082177665548_,33740300172,Klinik PUSPITA,Pratama,Non Rawat Inap,9/21/2022,Citarum Raya 108,SEMARANG TIMUR,Kota Semarang,Jawa Tengah,Masyarakat/Swasta,CV PUSPITA FARMA COSMEDIC,Masyarakat/Swasta,Badan Usaha,Ya,Ya,,BUGANGAN,0173b062,Sudah
173,daniantit@gmail.com,08122917503__,33740300173,Klinik AULIA FAWWAS,Pratama,Non Rawat Inap,9/22/2022,Jl. Dewi Sartika 1 No. 35 a Semarang,GUNUNGPATI,Kota Semarang,Jawa Tengah,Masyarakat/Swasta,CV Aulia Fawwas,Masyarakat/Swasta,Badan Usaha,Ya,Ya,,SEKARAN,0173b049,Belum
174,bangunmedika@yahoo.co.id,88215458085,33740300174,Klinik Pratama BANGUN MEDIKA,Pratama,Non Rawat Inap,9/24/2022,Jl. Bangunharjo I nomor 12A Banyumanik Semarang 50264,BANYUMANIK,Kota Semarang,Jawa Tengah,Masyarakat/Swasta,CV BANGUN MEDIKA,Masyarakat/Swasta,Badan Usaha,Ya,Ya,,SRONDOL,0173U062,Sudah
175,poliklinikpipsemarang@gmail.com,081229559643_,33740300175,Klinik Utama PIP Semarang,Utama,Non Rawat Inap,9/24/2022,"Jl. Singosari Raya no.2A, Kota Semarang",SEMARANG SELATAN,Kota Semarang,Jawa Tengah,Kementerian/Lembaga,PIP Semarang,Kementerian/Lembaga,Perorangan,Tidak,Ya,"TB,Hipertensi,Diabetes Melitus",PANDANARAN,,Belum
176,nadira.tirtoagung@gmail.com,85640763560,33740300176,KLINIK GIGI NADIRA TIRTO AGUNG,Pratama,Non Rawat Inap,9/29/2022,"Jl. Tirto Agung Raya A3, Pedalangan, Semarang",BANYUMANIK,Kota Semarang,Jawa Tengah,Masyarakat/Swasta,"PT NADIRA RADIFA MANDIRI (BUDI PONCO PRAKOSO, ST)",Masyarakat/Swasta,Badan Hukum,Tidak,Tidak,,SRONDOL,,Belum
177,nadira.kelud@gmail.com,81390241184,33740300177,KLINIK GIGI NADIRA KELUD,Pratama,Non Rawat Inap,9/29/2022,"Jl. Kelud Raya No. 47 A, Gajahmungkur, Semarang",GAJAHMUNGKUR,Kota Semarang,Jawa Tengah,Masyarakat/Swasta,PT NADIRA RADIFA MANDIRI (BUDI PONCO PRAKOSO),Masyarakat/Swasta,Badan Hukum,Tidak,Tidak,,PEGANDAN,,Belum
178,klinikgiginadira.fatmawati@gmail.com,8.9541E+11,33740300178,Klinik Gigi Nadira Fatmawati,Utama,Non Rawat Inap,9/29/2022,"Jl. Fatmawati No. 85D, Pedurungan, Semarang",PEDURUNGAN,Kota Semarang,Jawa Tengah,Masyarakat/Swasta,"PT NADIRA RADIFA MANDIRI (BUDI PONCO PRAKOSO, ST.)",Masyarakat/Swasta,Badan Hukum,Tidak,Tidak,,KEDUNG MUNDU,,Belum
179,anasihrachmawati1606@gmail.com,081390517912_,33740300179,Klinik Rahma Medika,Pratama,Non Rawat Inap,10/3/2022,"Jatisari Permai C3/3A RT2/12, Jatisari, Mijen",MIJEN,Kota Semarang,Jawa Tengah,Masyarakat/Swasta,CV Pradana Sejahtera,Masyarakat/Swasta,Badan Usaha,Ya,Tidak,,MIJEN,,Sudah
180,emeraldaestheticc@gmail.com,(024) 76444773,33740300180,Emerald Aesthetic Clinic,Pratama,Non Rawat Inap,10/6/2022,"Jl. MT. Haryono No. 219, Ruko Plaza Peterongan Blok D3-D5, Wonodri, Semarang",SEMARANG SELATAN,Kota Semarang,Jawa Tengah,Masyarakat/Swasta,Mohamad Arifin Satyagraha,Masyarakat/Swasta,Badan Usaha,Tidak,Tidak,,PANDANARAN,,Belum
181,intanarp@gmail.com,89617124744,33740300181,Klinik Pratama Denticare Dental Clinic,Pratama,Non Rawat Inap,10/6/2022,"Jl. Mulawarman Selatan Raya No. 16 B, Semarang",TEMBALANG,Kota Semarang,Jawa Tengah,Masyarakat/Swasta,"Ir. Eko Budihartanto, Msc",Masyarakat/Swasta,Badan Usaha,Tidak,Tidak,,ROWOSARI,,Belum
182,whiteandyoungclinic.id@gmail.com,08122898630__,33740300182,White And Young Dermatology Clinic,Pratama,Non Rawat Inap,10/6/2022,Jl. TUMPANG RAYA NO.120,GAJAHMUNGKUR,Kota Semarang,Jawa Tengah,Masyarakat/Swasta,CV. AWET MUDA SEPANJANG MASA,Kementerian/Lembaga,Perorangan,Tidak,Tidak,,,,Belum
183,mardjono.purbalingga@gmail.com,082199675344_,33740300183,Klinik MADANI,Pratama,Non Rawat Inap,10/7/2022,"Jl. Mr. Koesbijono Tjondrowibowo RT 02 RW 08, Patemon, Gunungpati, Semarang",GUNUNGPATI,Kota Semarang,Jawa Tengah,Masyarakat/Swasta,dr. Ilham Ramadhan,Masyarakat/Swasta,Perorangan,Tidak,Tidak,,SEKARAN,,Belum
184,msglowclinic.semarang28@gmail.com,087820621382_,33740300184,MS Glow Aesthetic Clinic Semarang,Pratama,Non Rawat Inap,10/10/2022,JL. MAYOR JEND D.I. PANJAITAN NO. 74 BRUMBUNGAN,SEMARANG TENGAH,Kota Semarang,Jawa Tengah,Masyarakat/Swasta,CV MS GLOW AESTHETIC CLINIC SEMARANG,Masyarakat/Swasta,Badan Usaha,Tidak,Tidak,,MIROTO,,Belum
185,medico.semarang@gmail.com,82115983224,33740300185,Klinik Pratama Medico,Pratama,Non Rawat Inap,10/11/2022,"Jalan Mulawarman Selatan Raya No. 16A Kelurahan Jabungan, Kecamatan Banyumanik, Kota Semarang, Provinsi Jawa Tengah - 50271",BANYUMANIK,Kota Semarang,Jawa Tengah,Masyarakat/Swasta,CV Medico Inti Jaya,Masyarakat/Swasta,Badan Usaha,Tidak,Ya,TB,PADANGSARI,,Belum
186,klinikunwahas@gmail.com,82221111902,33740300186,Klinik Pratama Unwahas,Pratama,Non Rawat Inap,10/13/2022,"Jl. Menoreh Raya no 94, Sampangan, Semarang",GAJAHMUNGKUR,Kota Semarang,Jawa Tengah,Masyarakat/Swasta,"PROF. KH. NOOR ACHMAD, MA",Kementerian/Lembaga,Perorangan,Tidak,Tidak,,PEGANDAN,,Belum
187,sandjojosehat@gmail.com,81225450496,33740300187,Klinik Pratama Sandjojo Sehat,Pratama,Non Rawat Inap,10/26/2022,"Kampus BSB - UNIKA Soegijapranata Jl. RM. Hadi Soebeno Sosrowardojo No. 2 Kel. Pesantren Kec. Mijen BSB City, Kota Semarang",MIJEN,Kota Semarang,Jawa Tengah,Masyarakat/Swasta,PT Klinik Pratama Sandjojo Sehat,Masyarakat/Swasta,Badan Hukum,Ya,Ya,,MIJEN,0173b095,Sudah
188,cavitamedika.tlogo@gmail.com,08156682222__,33740300188,Klinik Cavita Medika,Pratama,Non Rawat Inap,10/27/2022,Jl. Tlogosari Raya I No. 61 Semarang,PEDURUNGAN,Kota Semarang,Jawa Tengah,Masyarakat/Swasta,drg. Ermi Nuryanti,Masyarakat/Swasta,Badan Usaha,Tidak,Ya,"TB,Hipertensi,Diabetes Melitus",TELOGOSARI KULON,,Belum
189,cavitamedika@gmail.com,085799992623_,33740300189,Klinik Cavita Medika,Pratama,Non Rawat Inap,10/27/2022,Jl. dr. Wahidin No.181,CANDISARI,Kota Semarang,Jawa Tengah,Masyarakat/Swasta,drg. Ermi Nuryanti,Masyarakat/Swasta,Badan Usaha,Tidak,Ya,"TB,Hipertensi,Diabetes Melitus",KAGOK,,Belum
190,estertopher23@gmail.com,08122898630__,33740300190,White And Young Dermatology Clinic,Utama,Non Rawat Inap,10/29/2022,JL. TUMPANG RAYA NO. 120,GAJAHMUNGKUR,Kota Semarang,Jawa Tengah,Masyarakat/Swasta,CV AWET MUDA SEPANJANG MASA,Masyarakat/Swasta,Badan Usaha,Tidak,Tidak,,PEGANDAN,,Belum
191,klinikpratamaraider400@gmail.com,81234664466,33740300191,Klinik Pratama Yonif Raider 400/BR,Pratama,Non Rawat Inap,10/31/2022,"JL. SETIABUDI, SRONDOL KULON, BANYUMANIK, KOTA SEMARANG, JAWA TENGAH",BANYUMANIK,Kota Semarang,Jawa Tengah,TNI,KESDAM IV/DIPONEGORO,TNI,Badan Hukum Publik,Ya,Ya,,SRONDOL,1730805,Sudah
192,danastriklinik@gmail.com,081326701527_,33740300192,Klinik Utama Danastri,Utama,Non Rawat Inap,11/23/2022,"Jalan Indraprasta No. 97, Kel. Pendrikan Lor, Kec. Semarang Tengah, Kota Semarang, Jawa Tengah, 50183",SEMARANG TENGAH,Kota Semarang,Jawa Tengah,Masyarakat/Swasta,"dr. Budi Riyanto, M.Sc., Sp.PD-KPTI-Finasim",Masyarakat/Swasta,Badan Hukum,Tidak,Ya,"Hipertensi,Diabetes Melitus",PONCOL,,Belum
193,klinikpratamalpsmg@gmail.com,08122577007__,33740300193,KLINIK PRATAMA LAPAS KELAS I SEMARANG,Pratama,Non Rawat Inap,12/1/2022,"Jl. Raya Semarang-Boja KM.4, Wates, Kec. Ngaliyan, Kota Semarang, Jawa Tengah",NGALIYAN,Kota Semarang,Jawa Tengah,Kementerian/Lembaga,Lembaga Pemasyarakatan Kelas I Semarang,Kementerian/Lembaga,Badan Hukum Publik,Tidak,Ya,,NGALIYAN,,Belum
194,klinikpratama@usm.ac.id,085786334299_,33740300194,Klinik Pratama USM Jaya,Pratama,Non Rawat Inap,12/8/2022,"Jl. Soekarno Hatta Kel. Tlogosari. Kec. Pedurungan, Kota Semarang",SEMARANG TIMUR,Kota Semarang,Jawa Tengah,Masyarakat/Swasta,Yayasan Alumni Universitas Diponegoro,Masyarakat/Swasta,Badan Usaha,Tidak,Ya,,TELOGOSARI KULON,,Belum
195,naimahhassan20@gmail.com,08991623100__,33740300195,Klinik Pratama Putra Nusa Medika,Pratama,Non Rawat Inap,1/2/2023,Jl. Petek No 47 Dadapsari Semarang Utara Jawa Tengah 50173,SEMARANG UTARA,Kota Semarang,Jawa Tengah,Masyarakat/Swasta,Naimah Hassan,Masyarakat/Swasta,Perorangan,Tidak,Ya,TB,BANDARHARJO,,Belum
196,bp4smg@yahoo.com,085647303393_,33740300196,Balai Kesehatan Masyarakat Wilayah Semarang,Utama,Non Rawat Inap,1/27/2023,Jalan KH Ahmad Dahlan no.39 Semarang,SEMARANG TENGAH,Kota Semarang,Jawa Tengah,Pemerintah Daerah,Balai Kesehatan Masyarakat Wilayah Semarang,Kementerian/Lembaga,Perorangan,Ya,Ya,"TB,Hipertensi,Diabetes Melitus,Lainnya",MIROTO,1101b008,Belum
197,bkimjtg@gmail.com,(024) 8413482,33740300197,Balai Kesehatan Indera Masyarakat Provinsi Jawa Tengah,Utama,Non Rawat Inap,2/3/2023,"Jl. Kh Ahmad Dahlan No.39, Karangkidul, Kec. Semarang Tengah, Kota Semarang, Jawa Tengah 50241",SEMARANG TENGAH,Kota Semarang,Jawa Tengah,Pemerintah Daerah,BALAI KESEHATAN INDERA MASYARAKAT,Kementerian/Lembaga,Perorangan,Ya,Ya,Lainnya,PANDANARAN,3374035,Belum
198,semarang@pramita.co.id,243584089,33740300198,KLINIK UTAMA PRAMITA,Utama,Non Rawat Inap,3/1/2023,JL D.I. PANJAITAN NO 7-7A,SEMARANG TENGAH,Kota Semarang,Jawa Tengah,Masyarakat/Swasta,PT PRAMITA,Kementerian/Lembaga,Perorangan,Tidak,Ya,,MIROTO,,Belum
199,hasnagroup22@gmail.com,08122547875__,33740300199,Klinik Pratama Hasna,Pratama,Non Rawat Inap,1/2/2023,JALAN PUSPONJOLO SELATAN NOMOR 17 SEMARANG,SEMARANG BARAT,Kota Semarang,Jawa Tengah,Masyarakat/Swasta,"dr, Achmad Zulfa Juniarto",Kementerian/Lembaga,Perorangan,Tidak,Ya,,KARANG AYU,,Belum
200,pkbijateng@pkbi.or.id,6.28157E+11,33740300200,Klinik Pratama Warga Utama,Pratama,Non Rawat Inap,1/20/2021,Jl Jembawan Raya no. 8 Kalibanteng Kulon Semarang Barat Semarang,SEMARANG BARAT,Kota Semarang,Jawa Tengah,Masyarakat/Swasta,PKBI Daerah Jawa Tengah,Masyarakat/Swasta,Badan Usaha,Tidak,Ya,Lainnya,LEBDOSARI,,Belum
201,larissa.lac023@gmail.com,8112834942,33740300201,Klinik Estetika Larissa,Pratama,Non Rawat Inap,3/12/2023,"JL. DI Panjaitan No 94, Jagalan",SEMARANG TENGAH,Kota Semarang,Jawa Tengah,Masyarakat/Swasta,Tomy Tan,Kementerian/Lembaga,Perorangan,Tidak,Tidak,,MIROTO,,Belum
202,yehovashalom1@gmail.com,024 - 8318862,33740300202,Klinik YEHOVA SHALOM,Pratama,Non Rawat Inap,3/15/2023,JL Karimata no 40 Semarang,SEMARANG TIMUR,Kota Semarang,Jawa Tengah,Masyarakat/Swasta,YAYASAN KARUNIA CIPTA ABADI,Masyarakat/Swasta,Badan Usaha,Tidak,Ya,,HALMAHERA,,Belum
203,iswara.chandra248@gmail.com,08122621146__,33740300203,Klinik BPK RI Perwakilan Provinsi Jawa Tengah,Pratama,Non Rawat Inap,3/27/2023,Jl. Perintis Kemerdekaan No. 175,BANYUMANIK,Kota Semarang,Jawa Tengah,Kementerian/Lembaga,BPK RI Perwakilan Provinsi Jawa Tengah,Kementerian/Lembaga,Perorangan,Tidak,Ya,TB,PUNDAKPAYUNG,,Belum
204,klinikpratamatyara87@gmail.com,85640009197,33740300204,Klinik Pratama Tyara,Pratama,Non Rawat Inap,3/21/2023,JL. ROWOSARI II NO.4 RT 07 RW 01 WONOSARI NGALIYAN SEMARANG,NGALIYAN,Kota Semarang,Jawa Tengah,Masyarakat/Swasta,CV TYARA,Masyarakat/Swasta,Badan Usaha,Tidak,Ya,,TAMBAK AJI,,Belum
205,bklanalsmrg@gmail.com,2476632247,33740300205,bk lanal semarang,Pratama,Non Rawat Inap,12/13/2022,jl sri rejeki utara no 1 rt 3 rw 5,SEMARANG BARAT,Kota Semarang,Jawa Tengah,TNI,KLINIK PRATAMA PANGKALAN TNI AL SEMARANG,Kementerian/Lembaga,Badan Hukum Publik,Ya,Ya,,LEBDOSARI,1730803,Sudah
206,armedikaklinik@gmail.com,087838645134_,33740300206,Klinik Armedika,Pratama,Non Rawat Inap,11/9/2022,"Jl. Medoho Raya I no 4, Kalicari, Pedurungan, Semarang",PEDURUNGAN,Kota Semarang,Jawa Tengah,Masyarakat/Swasta,dr. Arninda Fergian S,Masyarakat/Swasta,Perorangan,Tidak,Ya,,TELOGOSARI KULON,,Belum
207,nadirasukun01@gmail.com,085602694682_,33740300207,Klinik Gigi Nadira Sukun,Pratama,Non Rawat Inap,9/29/2022,"Jl. Sukun Raya Ruko B1, Banyumanik, Semarang",BANYUMANIK,Kota Semarang,Jawa Tengah,Masyarakat/Swasta,PT NADIRA RADIFA MANDIRI,Masyarakat/Swasta,Badan Hukum,Tidak,Tidak,,PADANGSARI,,Belum
208,nadira.ngaliyan@gmail.com,081809433524_,33740300208,Klinik Gigi Nadira Ngaliyan,Pratama,Non Rawat Inap,9/29/2022,"Jl. Prof. Dr Hamka 11 Kav 4, Ngaliyan, Semarang",NGALIYAN,Kota Semarang,Jawa Tengah,Masyarakat/Swasta,PT NADIRA RADIFA MANDIRI,Masyarakat/Swasta,Badan Hukum,Tidak,Tidak,,PURWOYOSO,,Belum
209,kesehatanlppsemarang@gmail.com,8112755470,33740300209,Klinik Lapas Perempuan Kelas IIA Semarang,Pratama,Non Rawat Inap,3/31/2023,Jl. Mgr. Sugiyopranoto No. 59 Semarang,SEMARANG TENGAH,Kota Semarang,Jawa Tengah,Kementerian/Lembaga,Kristiana Hambawani,Kementerian/Lembaga,Badan Hukum Publik,Tidak,Ya,,PONCOL,,Belum
210,kristiesmrg@gmail.com,082137502151_,33740300210,Kristie Aesthetic Clinic,Pratama,Non Rawat Inap,3/12/2022,jl imam bonjol no 141 kel pindrikan lor kec semarang tengah kota semarang,SEMARANG TENGAH,Kota Semarang,Jawa Tengah,Masyarakat/Swasta,PT. Kusuma Sampurna Mulia,Kementerian/Lembaga,Perorangan,Tidak,Tidak,,PONCOL,,Belum
211,klinikmedikolegal@gmail.com,8.82002E+11,33740300211,Klinik utama paternitas,Utama,Non Rawat Inap,5/16/2023,Jl.Tirto Agung No. 12 A Tembalang Kec.Banyumanik Kota Semarang,BANYUMANIK,Kota Semarang,Jawa Tengah,Masyarakat/Swasta,Cv Mediko Legal Genentika,Kementerian/Lembaga,Perorangan,Tidak,Tidak,,PADANGSARI,,Belum
212,kliniksoegijapranata110@gmail.com,082221287839_,33740300212,Klinik Pratama Soegijapranata,Pratama,Non Rawat Inap,4/12/2023,Jl Dr wahidin 110,CANDISARI,Kota Semarang,Jawa Tengah,Masyarakat/Swasta,Endarwati,Kementerian/Lembaga,Perorangan,Tidak,Ya,,CANDILAMA,,Belum
213,joydental.semarang@gmail.com,81903579191,33740300213,Klinik Gigi Joy Dental Semarang,Utama,Non Rawat Inap,1/25/2023,"Klinik Gigi Joy Dental Semarang, Jalan Setiabudi No.84 F, Sumurboto, Banyumanik, Sumurboto, Kec. Banyumanik, Kota Semarang, Jawa Tengah (50269)",BANYUMANIK,Kota Semarang,Jawa Tengah,Masyarakat/Swasta,PT JOY SEMARANG HARMONIS,Kementerian/Lembaga,Perorangan,Tidak,Tidak,,NGESREP,,Belum
214,semarang.legal@gmail.com,2486578341,33740300214,Klinik Utama Audy Dental Semarang,Utama,Non Rawat Inap,6/9/2023,"Jl. Gajahmada No.99C, RT.007/RW.005, Miroto, Kec. Semarang Tengah, Kota Semarang, Jawa Tengah 50134",SEMARANG TENGAH,Kota Semarang,Jawa Tengah,Masyarakat/Swasta,PT NARA ADIDAYA SEMARANG,Kementerian/Lembaga,Perorangan,Tidak,Ya,TB,MIROTO,,Belum
215,klinikbenecia1@gmail.com,89616338062,33740300215,Klinik Utama Benecia,Utama,Non Rawat Inap,1/21/2023,"Semarang Indah Blok CIV No.22, Tawangmas, Semarang Barat, Kota Semarang",SEMARANG BARAT,Kota Semarang,Jawa Tengah,Masyarakat/Swasta,"dr.Nandra Hermanto,Sp.KFR",Kementerian/Lembaga,Perorangan,Tidak,Tidak,"Hipertensi,Diabetes Melitus",KROBOKAN,,Belum
216,doktermoez@klinikita.co.id,81229213000,33740300216,Klinikita Kalipancur,Pratama,Non Rawat Inap,7/24/2023,Jl. Abdulrahman Saleh kav 783 Semarang,NGALIYAN,Kota Semarang,Jawa Tengah,Masyarakat/Swasta,PT Dokte Moez Indonesia,Kementerian/Lembaga,Badan Usaha,Tidak,Ya,,PURWOYOSO,,Belum
217,lviorssemarang@gmail.com,81230653066,33740300217,L'viors Beauty Clinic,Utama,Non Rawat Inap,7/12/2023,"Jalan Indraprasta No 27, Pindrikan Lor, Semarang Tengah.",SEMARANG TENGAH,Kota Semarang,Jawa Tengah,Masyarakat/Swasta,PT. Fineve Jaya Sentosa,Kementerian/Lembaga,Perorangan,Tidak,Ya,,PONCOL,,Belum
218,giodentalcare17@gmail.com,81211558797,33740300218,GiO Dental Care Semarang,Pratama,Non Rawat Inap,8/2/2023,"Jl Setia Budi No 55, Srondol Kulon, Banyumanik, Kota Semarang, Jawa Tengah 50263",BANYUMANIK,Kota Semarang,Jawa Tengah,Masyarakat/Swasta,PT SEMANGAT MEKAR JAYA MANDIRI,Kementerian/Lembaga,Perorangan,Tidak,Tidak,Lainnya,SRONDOL,,Belum
219,endangjuwono@gmail.com,817241817,33740300219,Klinik Asri Medika,Pratama,Non Rawat Inap,10/7/2022,"JL. BRIGJEND SUDIARTO 118, KEL. PANDEAN LAMPER, KEC. GAYAMSARI",GAYAMSARI,Kota Semarang,Jawa Tengah,Masyarakat/Swasta,dr. Endang Asriani Juwono,Kementerian/Lembaga,Perorangan,Tidak,Tidak,,,,Belum
220,klinikvallery@gmail.com,085226279664_,33740300220,Klinik Pratama The Vallery Aesthetic Clinic,Pratama,Non Rawat Inap,8/10/2023,JL.KELUD RAYA NO.45 KELURAHAN PETOMPON KECAMATAN GAJAHMUNGKUR KOTA SEMARANG,GAJAHMUNGKUR,Kota Semarang,Jawa Tengah,Masyarakat/Swasta,CV.BERKAT CANTIK SEJAHTERA,Kementerian/Lembaga,Perorangan,Tidak,Ya,Hipertensi,PEGANDAN,,Belum
221,klinikpuriwaras@stikestelogorejo.ac.id,85186888844,33740300221,Klinik Utama Puri Waras,Utama,Non Rawat Inap,6/14/2023,"Jalan Puri Anjasmoro/ Jalan Arteri Yos Sudarso Tawang Mas, Semarang Barat, Kota Semarang Jawa Tengah, 50144",SEMARANG BARAT,Kota Semarang,Jawa Tengah,Masyarakat/Swasta,PT. TELOGOREJO MEDIKA FARMA,Masyarakat/Swasta,Badan Hukum,Tidak,Ya,"TB,Hipertensi,Diabetes Melitus,Lainnya",KROBOKAN,,Belum
222,klinikrowosariasri01@gmail.com,82328154898,33740300222,Klinik Pratama Rowosari Asri,Pratama,Non Rawat Inap,7/26/2023,"Jl. Al Barokah Perumahan Pondok Rowosari Asri Ruko blok B 3 & 4 kel. Rowosari, Kec. Tembalang, Kota Semarang, Jawa tengah",TEMBALANG,Kota Semarang,Jawa Tengah,Masyarakat/Swasta,CV. FADHIIL CHANIAGO,Masyarakat/Swasta,Perorangan,Tidak,Ya,,ROWOSARI,,Sudah
223,larissa.lac004@gmail.com,08122571862__,33740300223,Larissa Aesthetic Center,Pratama,Non Rawat Inap,9/11/2023,"JL. S.Parman no.6 , Kel. Bendungan",GAJAHMUNGKUR,Kota Semarang,Jawa Tengah,Masyarakat/Swasta,CV Karunia Abadi,Masyarakat/Swasta,Badan Usaha,Tidak,Tidak,,PEGANDAN,,Belum
224,elabs.smg@telkomedika.co.id,082138934942_,33740300224,Klinik Utama Telkomedika Health Center,Utama,Non Rawat Inap,9/13/2023,"Jl.Sriwijaya No.3, Kel.Tegalsari, Kec.Candisari, Kota Semarang, Jawa Tengah 50614",CANDISARI,Kota Semarang,Jawa Tengah,Masyarakat/Swasta,PT SARANA USAHA SEJAHTERA INSANPALAPA,Masyarakat/Swasta,Badan Hukum,Tidak,Tidak,,KAGOK,,Belum
225,imcaring@imdentalspecialist.com,816667108____,33740300225,Im Dental Clinic Specialist,Utama,Non Rawat Inap,9/14/2023,"Jl. Indraprasta 116, Kel. Pendrikan Kidul, Kec. Semarang Tengah, Semarang",SEMARANG TENGAH,Kota Semarang,Jawa Tengah,Masyarakat/Swasta,Yudisyono Handokoputro,Masyarakat/Swasta,Perorangan,Tidak,Tidak,,PONCOL,,Belum
226,dentalklinik116@gmail.com,85100919191,33740300226,I`M Dental Specialist Clinic,Utama,Non Rawat Inap,11/26/2021,"Jl. Kawi Raya 41, Semarang",CANDISARI,Kota Semarang,Jawa Tengah,Masyarakat/Swasta,PT Indo Megah Sehat,Masyarakat/Swasta,Badan Hukum,Tidak,Tidak,,KAGOK,,Belum
227,citragrandlexa@gmail.com,81390050153,33740300227,LEXA SKIN CLINIC CITRA GRAND,Utama,Non Rawat Inap,9/19/2023,"Ruko Citra Grand Bolk E5 - E6 , Jl Kompol R Soekanto , Sambiroto, Tembalang, Semarang",TEMBALANG,Kota Semarang,Jawa Tengah,Masyarakat/Swasta,PT. GRACINDO MEDIKA,Kementerian/Lembaga,Perorangan,Tidak,Tidak,,KEDUNG MUNDU,,Sudah
228,skinsessentialclinic@gmail.com,81805929411,33740300228,Skin`s Essential Clinic,Utama,Non Rawat Inap,8/4/2022,Jalan MH.Thamrin no.53-55 Semarang,SEMARANG TENGAH,Kota Semarang,Jawa Tengah,Masyarakat/Swasta,Nyauw Gunarto,Kementerian/Lembaga,Perorangan,Tidak,Ya,,MIROTO,,Belum
229,KLINIKYUDAMEDIKA01@GMAIL.COM,081327135683_,33740300229,KLINIK YUDA MEDIKA,Pratama,Non Rawat Inap,3/18/2023,JL.RATAN CILIK RT.01 RW.01 KELURAHAN BANJARDOWO,GENUK,Kota Semarang,Jawa Tengah,Kementerian/Lembaga,PT Klinik Yuda Medika,Masyarakat/Swasta,Badan Hukum,Tidak,Ya,,GENUK,,Belum
230,puricempaka2021@gmail.com,87736352317__,33740300230,klinik utama puri cempaka,Pratama,Non Rawat Inap,12/2/2022,jalan lamper sari no 41,SEMARANG SELATAN,Kota Semarang,Jawa Tengah,Kementerian/Lembaga,Dana Restuati P,Masyarakat/Swasta,Perorangan,Tidak,Ya,,LAMPER TENGAH,,Belum
231,klinikpratamamitra24@gmail.com,082313731014_,33740300231,KLINIK PRATAMA MITRA 24,Pratama,Non Rawat Inap,10/3/2023,"JL. BANJARSARI RAYA NO.40A RT 003 RW 002, KELURAHAN TEMBALANG, KECAMATAN TEMBALANG, KOTA SEMARANG, PROVINSI JAWA TENGAH KODE POS 50275",TEMBALANG,Kota Semarang,Jawa Tengah,Masyarakat/Swasta,PT MAJU MAPAN MULIA,Kementerian/Lembaga,Perorangan,Tidak,Ya,TB,ROWOSARI,,Belum
232,Klinikutamapmikotasmg@gmail.com,087738908808_,33740300232,KLINIK UTAMA PMI KOTA SEMARANG,Utama,Non Rawat Inap,10/5/2023,Jalan Mgr. Sugiyopranoto No 35,SEMARANG TENGAH,Kota Semarang,Jawa Tengah,Masyarakat/Swasta,PMI KOTA SEMARANG,Kementerian/Lembaga,Perorangan,Tidak,Tidak,,PONCOL,,Belum
233,junartodentalcare@gmail.com,082211919161_,33740300233,Klinik Utama Junarto,Utama,Non Rawat Inap,9/27/2023,JL. MT. HARYONO NO 718 SEMARANG,SEMARANG TIMUR,Kota Semarang,Jawa Tengah,Masyarakat/Swasta,drg Agus Junarto Santoso,Masyarakat/Swasta,Badan Usaha,Tidak,Tidak,,HALMAHERA,,Belum
234,kle.dentalclinic@gmail.com,0818848408___,33740300234,KLE Dental Clinic,Utama,Rawat Inap,11/28/2022,"Jalan Singosari Raya No.19 RT 01/ RW 06 Kelurahan Pleburan , Kecamatan Semarang Selatan Kota Semarang , Jawa Tengah",SEMARANG SELATAN,Kota Semarang,Jawa Tengah,Masyarakat/Swasta,andreas edwin,Kementerian/Lembaga,Perorangan,Tidak,Tidak,,LAMPER TENGAH,,Belum
235,eliamedica10@gmail.com,0811270715___,33740300235,ELIA SKINCARE KLINIK,Utama,Non Rawat Inap,10/21/2022,"Jl. Brotojoyo No.2c, RW.15, Plombokan, Kec. Semarang Utara, Kota Semarang, Jawa Tengah 50171",SEMARANG UTARA,Kota Semarang,Jawa Tengah,Kementerian/Lembaga,"dr. Sri Eliani, Sp.D.V, FINSDV,FAADV",Masyarakat/Swasta,Perorangan,Tidak,Tidak,,BULU LOR,,Belum
236,eliamedica00@gmail.com,811270715,33740300236,Elia Skin Care Clinic,Utama,Non Rawat Inap,10/14/2022,Jl. Singosari Raya No.16,SEMARANG SELATAN,Kota Semarang,Jawa Tengah,Masyarakat/Swasta,CV. ELIA MEDICA,Masyarakat/Swasta,Badan Usaha,Tidak,Tidak,,PANDANARAN,,Belum
237,cladermasemarang10@gmail.com,082234909000_,33740300237,KLINIK UTAMA CLADERMA AESTHETIC CENTER,Utama,Non Rawat Inap,10/11/2023,JL. DIPONEGORO NO.10 RT 05 RW 01 KEL. TEGALSARI KEC. CANDISARI KOTA SEMARANG PROVINSI JAWA TENGAH,CANDISARI,Kota Semarang,Jawa Tengah,Masyarakat/Swasta,"dr. Clarissa Valencia Sudjadi, Sp.D.V",Masyarakat/Swasta,Perorangan,Tidak,Ya,,KAGOK,,Belum
238,drainisoeyono@gmail.com,082240498043_,33740300238,Klinik Bayi Jenius,Utama,Rawat Inap,5/8/2023,JL KELUD RAYA NO 40,GAJAHMUNGKUR,Kota Semarang,Jawa Tengah,Masyarakat/Swasta,Aini Soeyono,Kementerian/Lembaga,Perorangan,Tidak,Ya,,PEGANDAN,,Belum
239,agapeestheticdentalclinic@gmail.com,081931919820_,33740300239,KLINIK UTAMA AGAPE ESTHETIC DENTAL CLINIC,Utama,Non Rawat Inap,10/21/2023,Jl. Indraprasta no 99F,SEMARANG UTARA,Kota Semarang,Jawa Tengah,Masyarakat/Swasta,"drg. Silvia Leony, Sp.KG",Kementerian/Lembaga,Perorangan,Tidak,Tidak,,PONCOL,,Belum
240,ivan_hsd@yahoo.com,0811274456___,33740300240,Klinik Pratama Pelita Husada,Pratama,Non Rawat Inap,12/5/2022,Puri Anjasmoro Blok. F1 / 15 B,SEMARANG BARAT,Kota Semarang,Jawa Tengah,Masyarakat/Swasta,"dr. Ivan Hoesada,M,Biomed",Masyarakat/Swasta,Perorangan,Tidak,Ya,,KROBOKAN,,Belum
241,klinikmerahputih19@gmail.com,08122844520__,33740300241,Klinik Pratama Merah Putih,Pratama,Non Rawat Inap,9/20/2023,Jl. Sri Rejeki 1 no.19 RT004/RW002 Kalibanteng Kidul Semarang Barat,SEMARANG BARAT,Kota Semarang,Jawa Tengah,Masyarakat/Swasta,Dr dr Chididjah.MKes.PA,Masyarakat/Swasta,Perorangan,Tidak,Ya,,LEBDOSARI,,Belum
242,smgklinikutama@gmail.com,081390967976_,33740300242,Klinik Utama Prodia Semarang,Utama,Non Rawat Inap,11/6/2023,Jalan M.T. Haryono No. 902 Semarang,SEMARANG SELATAN,Kota Semarang,Jawa Tengah,Masyarakat/Swasta,PT PRODIA WIDYAHUSADA TBK,Kementerian/Lembaga,Badan Usaha,Tidak,Ya,,LAMPER TENGAH,,Belum
243,samsoehidajat88@gmail.com,81217335646,33740300243,KLINIK PRATAMA SAMSOE HIDAJAT,Pratama,Non Rawat Inap,6/17/2023,"JL.RANDUGARUT, KM.14, WONOSARI, NGALIYAN, SEMARANG",NGALIYAN,Kota Semarang,Jawa Tengah,Masyarakat/Swasta,PT. SANGO CERAMICS INDONESIA,Masyarakat/Swasta,Perorangan,Tidak,Ya,,TAMBAK AJI,,Belum
244,klinikbelva2@gmail.com,08128565429__,33740300244,klinik utama belva,Utama,Non Rawat Inap,11/23/2023,Jl Mulawarman Raya nomor 11 D Pedalangan,BANYUMANIK,Kota Semarang,Jawa Tengah,Masyarakat/Swasta,"dr Lely Kusumaningrum, M.BIoMed",Kementerian/Lembaga,Perorangan,Tidak,Tidak,,PADANGSARI,,Belum
245,kontak.fdcsemarang@fdcdentalclinic.co.id,081119224527_,33740300245,FDC DENTAL CLINIC,Pratama,Non Rawat Inap,9/27/2023,"Jl. Setiabudi No. 119 Unit No. 2, RT/RW: 03/04, Kel. Srondol Kulon, Kec. Banyumanik, Kota Semarang jawa Tengah",BANYUMANIK,Kota Semarang,Jawa Tengah,Masyarakat/Swasta,PT Rejeki Berkah Berlimpah Ruah,Masyarakat/Swasta,Badan Hukum,Tidak,Tidak,,SRONDOL,,Belum
246,semarang@derma-express.com,81288672869,33740300246,Klinik Derma Express Semarang,Pratama,Non Rawat Inap,10/1/2021,"Jl. Kartini No. 54, RT/RW. 04/02, Kel. Rejosari",SEMARANG TIMUR,Kota Semarang,Jawa Tengah,Masyarakat/Swasta,PT SAMUDRA ESTETIKA PERKASA (YETY TJANDRA),Kementerian/Lembaga,Badan Usaha,Tidak,Ya,,HALMAHERA,,Belum
247,immoderma1@gmail.com,82137080540,33740300247,Immoderma Aesthetic And Wallness Clinic,Pratama,Non Rawat Inap,1/21/2021,Jl Jangli Krajan No 202 B CANDISARI SEMARANG,CANDISARI,Kota Semarang,Jawa Tengah,Masyarakat/Swasta,CV Estetik Derma Group,Kementerian/Lembaga,Perorangan,Tidak,Tidak,,,,Belum
248,skincaregabriel@gmail.com,081326500959_,33740300248,Klinik Gabriel,Pratama,Non Rawat Inap,12/14/2023,Jl. Tentara Pelajar No. 80 Semarang,SEMARANG SELATAN,Kota Semarang,Jawa Tengah,Masyarakat/Swasta,Klinik Gabriel,Kementerian/Lembaga,Perorangan,Tidak,Tidak,,LAMPER TENGAH,,Belum
249,semarangrejosari@natashaskin.co.id,081215924997_,33740300249,NATASHA SKIN CLINIC CENTER,Pratama,Non Rawat Inap,4/19/2022,Jl. Rejosari VII No.5,SEMARANG TIMUR,Kota Semarang,Jawa Tengah,Masyarakat/Swasta,dr. Dodi Budiarso,Masyarakat/Swasta,Perorangan,Tidak,Tidak,,HALMAHERA,,Belum
250,klinikutamaibl@gmail.com,"024 8451645, 84",33740300250,Klinik Utama IBL,Utama,Non Rawat Inap,12/20/2023,"Jl. Tentara Pelajar No. 16 Kelurahan Lamper Kidul, Kec. Semarang Selatan, Kota Semarang",SEMARANG SELATAN,Kota Semarang,Jawa Tengah,Masyarakat/Swasta,"Haryadi, SKM (PT IBL Prioritas Diagnostika)",Kementerian/Lembaga,Perorangan,Tidak,Ya,TB,LAMPER TENGAH,,Belum
251,esc.kelud@gmail.com,082135720818_,33740300251,Klinik Pratama Rawat Jalan Ella Skin Care,Pratama,Non Rawat Inap,12/28/2023,"Jl. Kelud Raya No.54, Petompon, Kec. Gajahmungkur, Kota Semarang",GAJAHMUNGKUR,Kota Semarang,Jawa Tengah,Masyarakat/Swasta,PT. Ella Karunia Estetika,Kementerian/Lembaga,Perorangan,Tidak,Tidak,,PEGANDAN,,Belum
252,ngsmg01@gmail.com,081393313193_,33740300252,naavagreen skin care,Pratama,Non Rawat Inap,3/13/2023,JL KALIGARANG NO 07 BARUSARI SEMARANG SELATAN,SEMARANG SELATAN,Kota Semarang,Jawa Tengah,Masyarakat/Swasta,PT. NAAVAGREEN INDONESIA,Kementerian/Lembaga,Perorangan,Tidak,Tidak,,PANDANARAN,,Belum
253,ngsmg02@gmail.com,81227121018,33740300253,Naavagreen Banyumanik,Pratama,Non Rawat Inap,3/15/2023,JL. TIRTO AGUNG 17 BC KELURAHAN PEDALANGAN KECAMATAN BANYUMANIK SEMARANG,BANYUMANIK,Kota Semarang,Jawa Tengah,Masyarakat/Swasta,PT. Pesona Natasha Gemilang,Kementerian/Lembaga,Perorangan,Tidak,Tidak,,PADANGSARI,,Belum
254,semarangparagon@natashaskin.co.id,85273787755,33740300254,Natasha Skin Clinic Center Paragon Mall,Pratama,Non Rawat Inap,4/19/2022,Paragon Mall Lantai 3 Unit 19 B Jl. Pemuda No. 118 Sekayu,SEMARANG TENGAH,Kota Semarang,Jawa Tengah,Masyarakat/Swasta,PT PESONA NATASHA GEMILANG,Masyarakat/Swasta,Badan Usaha,Tidak,Tidak,,PONCOL,,Belum
255,semarangdieng@natashaskin.co.id,8112979728,33740300255,NATASHA SKIN CLINIC CENTER,Pratama,Non Rawat Inap,12/29/2023,Jl. Dieng No.11a kecamatan Gajahmungkur kelurahan Gajahmungkur kota semarang,GAJAHMUNGKUR,Kota Semarang,Jawa Tengah,Masyarakat/Swasta,PT. PESONA NATASHA GEMILANG,Kementerian/Lembaga,Perorangan,Tidak,Tidak,,PEGANDAN,,Belum
256,2000tigaclinic3@gmail.com,82249526161,33740300256,klinik gigi 2000 tiga,Utama,Non Rawat Inap,12/29/2023,"Jl. Ngesrep Timur V No.12, Kel.Sumurboto, Kec.Banyumanik, Kota Semarang, Jawa Tengah 50275, Indonesia",BANYUMANIK,Kota Semarang,Jawa Tengah,Masyarakat/Swasta,"DRG.PUJI HARTONO,SP.OTT",Kementerian/Lembaga,Perorangan,Tidak,Ya,TB,NGESREP,,Belum
257,klinikrm86@gmail.com,081802496950_,33740300257,Klinik Pratama Rumah Mujizat,Pratama,Non Rawat Inap,1/6/2024,Jl. Gajah Mada no. 86 Semarang,SEMARANG TENGAH,Kota Semarang,Jawa Tengah,Masyarakat/Swasta,Yayasan Cahaya Lentera Kasih,Kementerian/Lembaga,Perorangan,Tidak,Ya,,PONCOL,,Belum
258,plasthetic.semarang@gmail.com,08122559995__,33740300258,PLASTHETIC CLINIC CABANG SEMARANG,Utama,Non Rawat Inap,12/15/2023,"Jl. Papandayan No.33C, RT.005/RW.005, Gajahmungkur, Kec. Gajahmungkur, Kota Semarang, Jawa Tengah 50232",GAJAHMUNGKUR,Kota Semarang,Jawa Tengah,Masyarakat/Swasta,PT SENTOSA ARTHA ELOK,Kementerian/Lembaga,Perorangan,Tidak,Tidak,,PEGANDAN,,Belum
259,semarang@miracle-clinic.com,81914632076,33740300259,Klinik Utama Miracle Aesthetic Clinic,Pratama,Non Rawat Inap,11/24/2021,"Jl. Veteran No. 29 A, Kecamatan Gajahmungkur, Kelurahan Lempongsari, Kota Semarang",GAJAHMUNGKUR,Kota Semarang,Jawa Tengah,Masyarakat/Swasta,PT SAFA AURA ANISA,Masyarakat/Swasta,Badan Usaha,Tidak,Tidak,,PEGANDAN,,Belum
260,lysahardjono975@gmail.com,81328935013,33740300260,moira clinic,Pratama,Non Rawat Inap,1/18/2024,jl imam bonjol no 157 semarang,SEMARANG TENGAH,Kota Semarang,Jawa Tengah,Masyarakat/Swasta,PT MOIRA GEMILANG ABADI,Masyarakat/Swasta,Perorangan,Tidak,Ya,"Hipertensi,Diabetes Melitus,Lainnya",PONCOL,,Belum
261,osmile.semarang@gmail.com,8112979738,33740300261,O-SMILE LASER DENTAL CENTRE,Utama,Non Rawat Inap,3/17/2022,JALAN DIENG 11A,GAJAHMUNGKUR,Kota Semarang,Jawa Tengah,Masyarakat/Swasta,"drg. Prisca Bernadeti S. W., MPH, Sp.KG",Kementerian/Lembaga,Perorangan,Tidak,Tidak,,PEGANDAN,,Belum
262,diahwriter@gmail.com,85225040302,33740300262,Klinik Pratama Siloam,Pratama,Non Rawat Inap,1/22/2024,"Jl Karangsaru 2, Jagalan, Semarang Tengah, Semarang 50136 Jawa Tengah",SEMARANG TENGAH,Kota Semarang,Jawa Tengah,Masyarakat/Swasta,Yayasan Kesehatan Siloam GKI Karangsaru,Masyarakat/Swasta,Badan Usaha,Tidak,Ya,"TB,Lainnya",MIROTO,,Belum
263,beningsclinicsemarang01@gmail.com,08815868038__,33740300263,Klinik Pratama Benings (Benings Klinik Semarang),Pratama,Non Rawat Inap,1/31/2023,"Jl Mayjend Sutoyo No 59, Pekunden Semarang Tengah Kota Semarang",SEMARANG TENGAH,Kota Semarang,Jawa Tengah,Masyarakat/Swasta,PT Benings Pratama Grup,Kementerian/Lembaga,Perorangan,Tidak,Tidak,Lainnya,MIROTO,,Belum
264,erskincenter@gmail.com,087838603252_,33740300264,ERSKIN CLINIC,Pratama,Non Rawat Inap,4/11/2022,jl. sambiroto raya rt02/rw02 semarang,TEMBALANG,Kota Semarang,Jawa Tengah,Masyarakat/Swasta,"dr. RIEN ENDAH W, M.Bio.Med",Kementerian/Lembaga,Perorangan,Tidak,Tidak,,KEDUNG MUNDU,,Belum
265,diah.umhg@gmail.com,82228800760,33740300265,Klinik Pratama Bethesda,Pratama,Non Rawat Inap,1/22/2024,"Jl. Sompok Lama No.8, Peterongan, Kec. Semarang Sel., Kota Semarang, Jawa Tengah 50242",SEMARANG SELATAN,Kota Semarang,Jawa Tengah,Masyarakat/Swasta,Yayasan Griya Kesehatan Indonesia,Masyarakat/Swasta,Badan Usaha,Tidak,Ya,"TB,Lainnya",LAMPER TENGAH,,Belum
266,larissa.lac035@gmail.com,08112823476__,33740300266,KLINIK KECANTIKAN PRATAMA LARISSA TEMBALANG,Pratama,Non Rawat Inap,1/29/2024,JLN NGESREP TIMUR V NO 52 SUMURBOTO BANYUMANIK SEMARANG,BANYUMANIK,Kota Semarang,Jawa Tengah,Masyarakat/Swasta,Tomy Tan,Kementerian/Lembaga,Perorangan,Tidak,Ya,,NGESREP,,Belum
267,sultanagungsuperskin58@gmail.com,81390962846,33740300267,Klinik Pratama Super Skin,Pratama,Non Rawat Inap,2/3/2024,"Jalan Sultan Agung No 105, Kelurahan Gajahmungkur, Kecamatan Gajahmungkur, Kota Semarang, Jawa Tengah",GAJAHMUNGKUR,Kota Semarang,Jawa Tengah,Masyarakat/Swasta,PT. Fios Aneka Medika,Masyarakat/Swasta,Badan Usaha,Tidak,Ya,,PEGANDAN,,Belum
268,semarangbarat.prodia@gmail.com,089667213505_,33740300268,Klinik Prodia Healthcare,Utama,Non Rawat Inap,2/22/2024,Jl. Jendral Sudirman No. 121,SEMARANG BARAT,Kota Semarang,Jawa Tengah,Masyarakat/Swasta,Chyntia Resti Wijaya,Kementerian/Lembaga,Perorangan,Tidak,Ya,TB,KROBOKAN,,Belum
269,tmcsemarang@tirta.co.id,82136327521,33740300269,Klinik Tirta Medical Centre Semarang,Utama,Non Rawat Inap,1/12/2024,"Jl. Majapahit No.211B RT/RW. 07/06, Kelurahan Gemah, Kec. Pedurungan, Kota Semarang, Provinsi Jawa Tengah",PEDURUNGAN,Kota Semarang,Jawa Tengah,Masyarakat/Swasta,PT E-TIRTA MEDICAL CENTRE,Kementerian/Lembaga,Perorangan,Tidak,Tidak,,TELOGOSARI KULON,,Belum
270,Dentfamclinic@gmail.com,81905068001,33740300270,Klinik Gigi Utama Dentfam,Utama,Non Rawat Inap,7/28/2023,jl. Seroja 1 no. 8,SEMARANG TENGAH,Kota Semarang,Jawa Tengah,Masyarakat/Swasta,"drg. Franciskus W Praba, SpBM(K)",Kementerian/Lembaga,Perorangan,Tidak,Ya,Lainnya,MIROTO,,Belum
271,klinikpromedical@gmail.com,81911111047,33740300271,Klinik Pro Medical Center,Utama,Non Rawat Inap,2/9/2024,"Jl. Suratmo No.319B, Manyaran Semarang Barat, Kota Semarang",SEMARANG BARAT,Kota Semarang,Jawa Tengah,Masyarakat/Swasta,PT. LUMIN MEDIKA INVESTAMA,Masyarakat/Swasta,Badan Hukum,Tidak,Tidak,,MANYARAN,,Belum
272,aestheticdentalclinicsemarang@gmail.com,82220696902,33740300272,Aesthetic Dental Clinic,Utama,Non Rawat Inap,11/21/2023,jalan fatmawati raya no 18. sendangmulyo. Kota Semarang,TEMBALANG,Kota Semarang,Jawa Tengah,Masyarakat/Swasta,PT ESTETIK MEDIKA PERMATA,Masyarakat/Swasta,Badan Usaha,Tidak,Tidak,,KEDUNG MUNDU,,Belum
273,lbc_semarang@yahoo.co.id,8886900188,33740300273,London Beauty Center (LBC),Pratama,Non Rawat Inap,2/20/2024,"Jl.Brigjend Katamso No.2A, Karangturi",SEMARANG TIMUR,Kota Semarang,Jawa Tengah,Masyarakat/Swasta,PT.Estetika Medika Utama,Masyarakat/Swasta,Badan Usaha,Tidak,Ya,,HALMAHERA,,Belum
274,ybebright@gmail.com,8112883350,33740300274,YBe Bright Beauty Clinic,Pratama,Non Rawat Inap,8/24/2022,"Ruko Emerald Green No. 9A BSB City, Jatibarang, Mijen, Kota Semarang",MIJEN,Kota Semarang,Jawa Tengah,Masyarakat/Swasta,CV. ESPANA CEMERLANG,Kementerian/Lembaga,Perorangan,Tidak,Ya,,MIJEN,,Belum
275,klinikutamadermaluxe@gmail.com,6.28123E+12,33740300275,Klinik Utama Dermaluxe,Utama,Non Rawat Inap,3/14/2024,Jl. Seroja Dalam 2B Kel. Karang Kidul -Kec.Semarang Tengah - Kota Semarang,SEMARANG TENGAH,Kota Semarang,Jawa Tengah,Masyarakat/Swasta,CV DERMALUXE,Masyarakat/Swasta,Badan Usaha,Tidak,Tidak,,MIROTO,,Belum
276,mydentist.wonodri@gmail.com,8.95326E+11,33740300276,Klinik Gigi My Dentist Wonodri,Pratama,Non Rawat Inap,3/4/2024,Jl. Wonodri Sendang Raya No 15 E,SEMARANG SELATAN,Kota Semarang,Jawa Tengah,Masyarakat/Swasta,PT INDIRA MITRA PERKASA,Kementerian/Lembaga,Perorangan,Tidak,Ya,,PANDANARAN,,Belum
277,mydentist.banyumanik@gmail.com,8.95326E+11,33740300277,Klinik GIgi My Dentist Banyumanik,Pratama,Non Rawat Inap,3/4/2024,Jl. Jati raya No 2 A,BANYUMANIK,Kota Semarang,Jawa Tengah,Masyarakat/Swasta,PT INDIRA MITRA PERKASA,Kementerian/Lembaga,Perorangan,Tidak,Ya,,SRONDOL,,Belum
278,mydentist.majapahit@gmail.com,8.95326E+11,33740300278,Klinik Gigi My Dentist Majapahit,Pratama,Non Rawat Inap,3/13/2024,Jl. Brigjend Sudiarto No 228 BC,GAYAMSARI,Kota Semarang,Jawa Tengah,Masyarakat/Swasta,PT INDIRA MITRA PERKASA,Kementerian/Lembaga,Perorangan,Tidak,Ya,,TELOGOSARI KULON,,Belum
279,mydentist.puri@gmail.com,8.95326E+11,33740300279,Klinik Gigi My Dentist Puri,Pratama,Non Rawat Inap,3/4/2024,Jl. Anjasmoro Raya No. 4,SEMARANG BARAT,Kota Semarang,Jawa Tengah,Masyarakat/Swasta,PT INDIRA MITRA PERKASA,Kementerian/Lembaga,Perorangan,Tidak,Ya,,KARANG AYU,,Belum
280,semarangathena@gmail.com,(024) 76585855,33740300280,KLINIK PRATAMA ATHENA,Pratama,Non Rawat Inap,3/13/2024,JL. Imam Bonjol No 177-178 Kel. Pendrikan Kidul,SEMARANG TENGAH,Kota Semarang,Jawa Tengah,Masyarakat/Swasta,CV KLINIK ATHENA SEMARANG,Kementerian/Lembaga,Perorangan,Tidak,Tidak,,PONCOL,,Belum
281,kliniksqin@gmail.com,088210443927_,33740300281,Klinik Utama Sqin,Utama,Rawat Inap,6/8/2023,Jl. Lamongan I No. 19 RT 001 RW 001 Kelurahan Bendan Ngisor Kecamatan Gajahmungkur Kota Semarang,GAJAHMUNGKUR,Kota Semarang,Jawa Tengah,Masyarakat/Swasta,dr Retno Indrastiti Retmono SpKK,Kementerian/Lembaga,Perorangan,Tidak,Tidak,,PEGANDAN,,Belum
282,ptsemarangpesonaderma@gmail.com,08170171076__,33740300282,B Clinic,Pratama,Non Rawat Inap,3/18/2024,"Jalan M.H. Thamrin No. 65, Desa/Kelurahan Miroto, Kec. Semarang Tengah, Kota Semarang, Provinsi Jawa Tengah, Kode Pos: 50134",SEMARANG TENGAH,Kota Semarang,Jawa Tengah,Masyarakat/Swasta,PT SEMARANG PESONA DERMA,Kementerian/Lembaga,Perorangan,Tidak,Tidak,,MIROTO,,Belum
283,pt.tunggadewimedikaindonesia.tmi@gmail.com,08112665889__,33740300283,Immoderma Aesthetic and Wellness Clinic,Pratama,Rawat Inap,3/3/2024,Ruko Arthamas Jl. Supriyadi No.12T / 19 Kel. Kalicari Kec. Pedurungan Kota Semarang,PEDURUNGAN,Kota Semarang,Jawa Tengah,Masyarakat/Swasta,PT. Tunggadewi Medica Indonesia,Kementerian/Lembaga,Perorangan,Tidak,Ya,,TELOGOSARI KULON,,Belum
284,klinikgigi3iffel@gmail.com,81229296030,33740300284,KLINIK GIGI 3IFFEL,Pratama,Non Rawat Inap,3/23/2024,JL. TIRTO AGUNG NO. 14 PEDALANGAN,BANYUMANIK,Kota Semarang,Jawa Tengah,Masyarakat/Swasta,drg. Grace Novita Soenaryo,Kementerian/Lembaga,Perorangan,Tidak,Tidak,,PADANGSARI,,Belum
285,bungahdentalcare@gmail.com,6.2857E+12,33740300285,Bungah Family Dental Care,Pratama,Non Rawat Inap,10/6/2022,"Jl. Hasanuddin Permata Hijau AA1/CD, Kel Kuningan, kec Semarang Utara, Kota Semarang Pprovinsi Jawa Tengah",SEMARANG UTARA,Kota Semarang,Jawa Tengah,Masyarakat/Swasta,Lucia Surjani Tanojo,Kementerian/Lembaga,Perorangan,Tidak,Ya,Lainnya,BANDARHARJO,,Belum
